UniqueCount	AmbigCount
55	1
6	0
308	0
2	1
9	2
3	1
413	0
11	0
4	7
6	7
9	0
9	0
12	0
5	0
1	12
19	12
3	3
3	3
4	1
6	0
4	1
5	0
25	0
312	0
103	4
16	3
23	0
23	0
3	0
1	41
13	28
9	15
6	0
38	0
10	0
337	0
11	0
60	0
3	6
2	6
0	570
6	509
2	156
30	1
14	1
28	0
17	0
1	116
4	86
13	2
0	151
9	141
7	27
4	16
5	25
4	16
10	1
3	0
4	389
12	389
23	132
44	132
48	1
42	0
9	0
2	21
267	21
13	10
50	10
7	0
7	0
6	0
9	150
41	150
146	0
7	0
3	2
11	0
11	2
85	19
4	19
47	0
2	78
21	78
10	18
7	1
4	6
4	23
5	0
4	0
8	21
5	21
12	0
27	0
3	0
10	5
5	6
23	0
19	0
9	5
3	5
63	1
12	0
37	0
5	0
13	0
9	0
9	0
3	0
77	0
9	0
3	0
5	0
38	1
13	0
17	0
4	25
45	22
18	1
3	0
1	23
16	34
6	23
12	50
1	41
4	15
36	62
3	51
5	33
3	40
5	58
14	0
8	2
82	0
2	5
2	5
10	1
6	0
4	0
21	1
2	435
235	435
30	1
6	0
86	0
4	0
7	0
4	0
20	0
48	0
12	8
3	1
10	8
6	0
4	0
7	0
5	0
6	0
2	2
14	2
9	0
7	0
19	3
64	3
41	376
4	376
6	0
5	0
17	0
6	0
7	1
5	0
265	5
105	4
9	5
15	5
15	0
27	21
8	21
4	0
341	1
17	25
7	25
5	0
5	1
7	0
6	0
15	0
7	1
3	0
7	1
4	0
80	1
22	0
3	0
4	0
111	1
29	0
6	0
110	1
3	0
57	0
2	1
47	0
5	0
23	0
8	0
6	0
4	0
21	0
5	0
124	0
4	0
3	0
5	0
106	0
4	0
7	0
14	0
9	0
3	0
33	0
3	0
6	0
3	0
1	7
31	8
4	1
4	0
5	0
5	0
4	0
7	0
13	0
42	1
6	0
4	1
138	0
7	0
20	0
5	0
3	0
120	0
8	1
6	0
15	0
3	0
2	1
74	0
5	1
6	0
3	1
3	0
5	0
53	0
5	0
21	0
13	0
12726	10
10	0
4	0
5	0
4	0
10	0
4	0
14	0
8	0
9	0
3	0
11	0
3	0
3	0
80	0
11	0
95	0
34	0
11	0
3	0
14	0
2164	4
3	0
4	0
2620	0
3	0
3	0
5	0
5	0
476	0
20	0
986	0
4	0
9	0
6	0
5	0
8	0
3	0
36	1
3	1
9	1
14	0
7	0
4	0
48	0
6	0
3	0
6	0
42	0
124	0
17	1
14	0
3	0
19	0
43	0
5	0
6	0
225	0
6	1
5	0
13	0
20	1
8	0
8	0
7	0
33	0
6	0
11	0
9	0
4	0
33	0
4	0
3	0
76	0
4	0
12	0
3	0
21	0
6	0
7	0
4	0
10	0
11	0
8	0
27	1
4	0
4	0
686	0
12	0
49	0
30	1
20	1
92	0
6	1
5	1
4	0
5	0
12	0
8	0
6	0
6	0
4	1
3	1
6	0
11	0
3	0
4	1
3	0
3	0
4	0
4	0
3	1
41	0
365	0
3	0
25	0
5	0
8	0
5	0
4	0
4	0
8	0
5	0
9	1
4	0
6	0
6	0
6	0
9	0
2	1
5	0
16	0
4	0
6	1
23	0
10	0
4	0
8	0
6	0
3	0
5	0
6	0
15	0
3	0
5	1
6	0
3	0
10	0
8	0
23	0
3	1
5	0
9	0
8	0
4	0
8	1
2	1
13	1
5	0
5	0
5	1
14	0
8	0
4	0
7	0
10	0
38	0
4	0
9	0
4	0
40	0
11	0
3	0
4	0
7	0
3	0
6	0
7	0
8	1
6	0
26	1
3	0
3	0
8	1
8	0
3	0
27	403
27	403
63	680
0	674
224	8
0	400
0	437
0	417
6	360
0	380
5	147
71	147
33	398
0	378
0	596
0	754
48	1837
24	120
3	437
3	749
21	2269
38	1
147	0
659	0
24	850
201	851
307	15
23	211
879	221
88	11
67	11
1	69
13	17
2	28
3	42
2	60
8	32
6	0
7	12
4	0
115	0
92	0
20	885
41	886
50	884
47	884
10327	7
558	0
966	1173
60	1172
1056	2
3240	131
325	127
205	0
38	479
3	203
64	278
127	1
58	1
33	0
229	0
7	775
0	820
7	802
1	793
2	90
9	768
92	0
3	222
0	222
6	174
79	75
459	1
1086	1
27	23
33	17
20	6
57	417
24	417
1083	1
59	287
52	287
18	419
24	419
1351	1
726	2
1	478
0	1476
2	1453
106	1386
713	1
88	0
78	1
8247	10
132	0
182	0
3256	2
3297	4
335	1
132	1
272	13
7	1323
227	1323
144	28
11	70
0	3
23	44
49	0
82	1
29	592
15	592
1383	2
79	0
3	369
35	277
27	353
35	11
94	0
37	10
10	10
24	0
4	769
98	769
283	603
37	820
57	821
2610	4
3	146
30	146
146	22
3	21
329	0
8	134
19	134
122	23
35	23
784	2
3	300
124	301
179	0
79	1
71	0
2276	8
381	4
28	85
6	84
199	19
10	0
197	151
67	236
0	148
116	235
455	0
17	692
51	692
782	0
1276	2
599	418
118	417
105	407
73	69
12	69
289	0
9	665
64	665
494	2
1365	1
201	0
1	713
0	629
1	732
0	741
22	104
91	104
497	1126
26	1126
157	13
12	15
2	15
112	1
62	32
69	32
151	21
58	23
31	2
23	220
72	96
74	220
16	96
796	3
4	14
19	0
66	14
63	0
48	78
19	78
94	0
332	0
128	0
118	83
22	4
409	90
453	591
135	590
99	971
44	971
20	44
71	119
1	118
0	43
94	11
157	1
8	728
5	729
327	710
1	529
0	555
0	545
0	523
0	577
203	1
97	38
205	1
61	1
3	38
5309	7
309	0
0	163
18	146
1	18
36	86
8	70
22	1473
142	1473
10	49
0	375
0	425
0	434
40	139
0	366
14	336
3	0
5	0
26	1
5	0
47	0
4	0
4	0
4	0
4	0
6	0
4	0
7	1
4	0
3	0
3	1
8	0
5	0
3	0
3	0
3	1
3	0
3	1
27	0
5	0
4	0
3	0
10	0
5	0
5	0
7	0
3	0
4	1
2	1
4	0
91	1
17	3
12	0
5	0
3	0
4	0
7	0
4	1
5	0
4	0
5	0
3	0
3	2
3	0
6	0
5	0
3	0
5	0
5	0
13	1
6	1
4	0
4	0
4	0
4	0
5	0
6	1
5	0
3	0
3	0
3	0
3	0
3	0
8	1
9	0
6	1
3	0
3	0
5	0
5	0
4	0
3	0
4	0
13	0
3	1
4	0
3	0
4	0
3	0
2	1
5	0
3	0
5	0
4	0
4	0
4	0
5	0
4	0
3	0
16	0
3	0
3	0
5	0
4	0
4	0
5	0
3	0
3	0
4	0
3	0
3	0
3	0
7	0
4	0
7	0
4	0
4	0
3	0
3	1
4	0
4	0
3	0
3	0
5	0
3	0
3	0
4	0
6	0
2	0
3	0
2	0
3	0
4	0
3	0
3	0
7	0
6	0
2	0
8	0
6	0
3	0
4	0
4	0
6	0
4	0
4	0
13	1
5	0
3	0
3	0
3	0
2	1
4	0
4	0
3	0
4	0
3	0
3	0
4	0
4	0
4	0
4	0
3	0
6	0
3	0
3	0
3	0
3	0
59	0
7	0
3	0
4	0
4	0
34	0
8	1
11	0
3	0
4	0
6	0
5	0
4	1
4	0
3	0
5	0
3	0
7	0
2	1
7	2
5	0
3	0
3	0
5	0
4	0
11	1
3	0
10	0
5	0
4	0
31	1
5	0
2	1
9	0
10	0
3	2
4	0
10	0
32	0
5	0
41	0
7	1
5	0
3	0
22	1
5	0
6	1
4	0
7	0
5	0
8	0
8	0
4	0
7	0
4	2
5	0
4	0
7	0
18	0
7	1
7	0
4	1
5	0
4	0
8	0
5	0
6	0
13	0
4	0
3	1
8	0
40	0
19	0
3	0
4	0
7	0
4	0
7	0
5	0
4	0
5	0
11	0
5	0
43	0
5	0
4	0
7	0
2	0
49	1
19	0
8	0
6	0
9	0
10	0
7	0
8	0
355	1
4	1
10	0
99	0
3	1
31	0
217	0
33	0
3	0
3	0
12	0
19	0
34	0
5	0
336	0
3	1
115	0
9	0
6	0
3	0
16	1
9	0
6	0
1	10
3	10
175	0
60	0
231	0
75	0
6	0
6	0
275	0
32	1
4	0
6	0
45	0
4	0
59	0
10	0
14	205
1	205
20	0
25	0
4	0
131	0
6	1
6	0
3	1
93	0
31	0
12	0
4	1
28	0
170	0
178	1
250	0
5	0
935	0
8	0
21	0
4	0
23	1
473	0
230	0
3	0
3	0
15	0
68	0
90	0
9	0
13	0
5	0
51	1
9	0
3	0
24	0
55	0
3	82
4	82
1058	0
5	0
4	0
36	0
7	0
5	0
14	0
9	1
4	0
4	0
16	0
16	0
4	0
36	0
5	0
3	0
6	0
3	0
5	1
5	0
3	0
3	0
44	0
3	0
3	0
4	0
4	0
4	0
8	0
5	0
5	0
5	0
3	1
4	0
3	0
3	0
7	2
9	0
5	0
2	0
9	0
3	0
6	0
15	0
26	0
10	0
9	0
4	1
3	0
4	1
5	0
5	0
6	1
7	0
3	0
4	0
3	0
5	0
4	0
12	0
8	0
16	0
8	0
4	0
6	0
9	0
3	0
3	0
5	0
8	0
4	0
3	0
10	0
3	1
4	0
4	0
4	0
21	0
3	0
5	0
3	0
4	0
5	0
10	0
4	0
3	0
7	0
10	0
5	1
4	0
3	0
915	0
15	0
3	2
5	0
52	0
5	0
139	0
3	0
12	1
126	0
5	0
11	0
13	0
5	0
6	1
682	3
26	0
6	0
412	0
4	0
87	0
7	0
5	0
101	0
7	0
5	0
3	0
6	0
7	0
16	0
6	0
14	1
6	0
37	0
6	0
15	0
4	0
22	0
4	0
4	0
100	0
34	1
4	0
29	1
54	0
5	0
11	0
7	0
4	0
7	0
194	0
6	0
867	0
6	0
524	0
16	0
14	0
15	0
182	0
11	0
3	0
7	0
4	0
3	0
4	1
28	0
10	118
7	118
8	0
7	0
14	0
42	0
7	0
62	0
9	1
585	3
4	0
5	0
11	0
5	0
5	0
66	0
4	0
4	0
25	1
3	0
3	0
38	0
33	0
201	0
86	0
6	0
19	0
16	0
10	0
4	0
4	0
16	0
3	1
10	0
3	0
5	0
4	0
4	0
3	0
5	0
4	0
7	0
3	0
3	0
5	1
5	0
3	0
3	0
4	0
3	0
8	0
3	0
5	0
4	0
2	1
3	0
4	0
3	1
3	0
4	0
3	1
4	0
3	0
5	0
3	0
3	0
3	0
4	0
4	1
3	0
2	1
4	0
3	0
6	0
3	0
6	0
4	1
3	0
3	0
2	1
2	0
12	0
4	0
3	0
4	0
5	0
3	0
3	0
4	0
4	0
6	0
3	0
3	0
3	0
3	1
4	0
3	0
5	0
3	0
3	0
3	0
4	0
5	0
4	0
6	1
48	1
24	0
9	1
11	0
21	0
8	0
11	0
3	0
4	0
4	0
9	2
30	3
35	1
30	0
59	0
9	0
5	0
9	0
667	1
2	2
13	2
4	1
4	0
4	0
5	0
9	2
14	2
8	0
14	0
155	0
16	0
3	3
20	3
9	0
11	0
6	0
21	0
8	0
179	0
9	0
11	0
8	0
3	2
4	2
4	2
6	2
6	0
5	2
8	2
11	0
16	0
9	2
6	2
15	0
7	0
7	3
7	2
18	2
6	1
2	1
12	1
4	1
15	2
12	1
6	0
55	0
4	0
8	0
4	0
2	0
13	0
32	1
112	0
6	0
7	0
5	1
4	2
18	2
28	1
4	0
7	0
4	0
30	0
8	0
33	0
6	0
4	1
10	1
25	0
7	0
10	0
10	0
5	0
3	2
7	2
10	0
5	0
8	1
5	0
5	0
4	1
4	0
9	0
3	0
4	0
6	0
3	0
8	1
3	0
5	0
3	0
4	0
5	1
5	1
3	1
3	0
3	0
4	1
3	1
2	1
4	1
3	0
5	0
3	0
4	0
3	0
4	0
4	0
4	0
7	0
5	0
4	0
3	0
3	0
3	0
3	0
4	0
3	0
4	0
3	0
3	0
3	0
3	0
4	0
3	0
5	1
3	0
6	0
4	0
3	0
5	0
4	0
5	0
5	2
4	0
4	0
3	0
4	0
4	0
3	1
3	0
6	0
4	0
6	0
10	0
4	0
3	0
3	0
4	0
5	0
3	0
5	0
3	0
6	1
3	0
3	0
5	0
4	0
6	0
6	0
3	0
6	1
3	0
15	0
4	0
3	0
3	0
5	0
5	1
5	0
3	0
4	0
6	0
6	0
5	0
3	1
4	0
7	0
3	0
8	0
5	0
8	0
3	0
6	0
4	0
3	0
6	0
10	1
5	0
8	0
10	0
10	0
4	0
26	0
5	1
12	0
3	0
2	1
4	0
2	2
43	0
9	0
4	0
9	0
3	0
8	0
7	0
4	2
3	0
3	0
4	0
3	2
6	1
6	2
4	2
14	0
4	0
4	0
18	0
3	0
6	0
10	0
3	0
4	0
4	0
6	0
3	0
4	1
10	0
4	0
13	0
8	0
7	0
6	0
10	1
3	0
5	0
7	0
11	1
3	0
3	1
3	0
20	1
7	0
7	0
17	0
6	0
4	0
6	0
11	0
8	0
14	1
36	0
7	0
7	1
58	0
7	0
6	0
4	0
6	1
5	0
16	0
10	1
9	0
3	0
4	0
3	2
10	0
4	0
4	1
3	0
38	0
9	0
7	0
5	0
26	0
3	0
20	0
7	0
3	1
13	0
4	0
10	1
9	0
11	0
6	1
7	0
19	0
4	0
4	0
2	1
11	0
17	0
58	0
3	0
4	0
3	1
4	0
3	0
3	0
3	0
5	0
9	1
4	0
40	0
46	0
5	1
6	0
5	0
17	0
8	1
4	0
8	0
3	0
13	0
39	1
2	2
3	0
20	0
5	0
66	0
25	1
9	0
3	0
14	0
14	0
9	0
3	0
4	0
6	0
18	0
5	0
8	0
5	0
4	0
12	0
11	0
4	0
16	0
4	0
3	0
3	0
3	0
5	0
51	0
4	0
5	0
10	0
231	0
3	0
26	0
48	0
12	0
5	0
187	0
3	0
3	0
12	1
39	0
6	0
19	1
8	0
22	0
4	0
47	0
8	0
4	0
31	0
4	0
7	0
33	0
6	0
6	0
20	0
6	0
103	0
70	0
5	0
5	1
15	1
18	1
7	1
8	0
15	0
3	0
5	0
3	0
15	1
13	0
153	1
78	0
6	0
58	1
19	0
6	0
5	1
2042	2
7	0
8	0
4	0
11	0
29	0
7	0
11	0
352	0
3	0
18	0
9	1
5	0
5	0
33	0
51	0
117	0
8	0
3	0
11	0
27	1
4	0
13	0
5	0
8	0
4	0
9	1
17	0
9	0
121	0
7	1
12	0
5	0
6	0
4	0
99	0
7	0
26	0
43	0
13	0
8	0
10	0
14	0
6	0
5	0
7	0
6	0
67	0
56	0
1487	2
4	0
12	1
5107	3
3	0
48	0
5	0
371	1
174	0
287	0
18	0
52	0
578	2
3	0
79	0
14	0
9	0
32	0
3	0
12	1
13	0
5	0
23	0
8	0
7	0
4	0
3	1
5	89
4	89
323	0
3	0
1290	1
96	0
10	0
3	0
12	1
5	0
963	1
218	0
17	1
19	0
6	0
5	0
13	0
33	0
4	0
11	1
10	0
30	0
11	1
4	0
4	1
6	0
5	0
8	0
4	0
4	0
33	0
29	0
6	1
371	1
12	2
8	0
3	0
5	0
4	0
247	0
1149	2
12	0
26	1
38	0
5	0
4	0
12	0
22	0
5	0
5	0
9	0
4	0
113	0
3	0
5	0
80	0
54	1
5	0
20	0
4	0
60	0
25	1
4	0
3	0
11	0
66	0
465	1
7	0
6	0
16	1
5	1
30	0
8	0
5	0
153	1
6	0
15	0
4	0
10	0
7	1
333	1
3	0
3	0
4	0
70	1
4	0
21	0
14	0
4	0
378	1
7	0
4	0
10	0
5	0
4	0
150	0
21	0
10	0
9	0
9	1
151	0
12	2
49	1
5	0
19	0
7	0
155	0
274	0
39	0
13	0
28	0
35	0
75	0
8	1
66	0
3	0
5	0
115	0
19	1
60	0
6	0
7	2
10	0
99	0
6	1
8	1
30	0
17	0
4	0
1528	0
4	1
7	0
2598	3
41	0
4	0
369	0
23	1
144	1
3	0
27	0
7	0
9	0
163	1
9	0
17	0
9	1
3	0
75	0
3	0
5	0
21	0
76	0
14	0
4	1
7	0
36	0
29	0
6	0
5170	4
4	0
3	1
17	26
1	26
3	0
126	0
4	0
8	0
3	0
128	0
4	0
25	1
11	0
8	0
3	0
5	0
44	0
19	0
27	0
7	0
7	0
100	1
30	0
45	0
57	0
10	1
18	0
87	0
97	0
5	0
3	0
391	0
4	0
3	0
31	0
8	0
4	0
5	0
4	1
12	0
369	0
61	0
85	0
12	0
23	2
6	0
137	0
5	0
13	0
5	0
29	1
3	0
3	0
37	0
10	0
5	0
5	0
4	1
2148	0
10	1
6	0
5	0
9	0
9	0
6	0
11	1
3	0
22	0
5	0
4	0
39	0
8	0
11	0
6	0
5	0
52	0
11	0
54	0
4	0
3	0
3	0
3	0
4	0
3	0
4	0
4	1
3	0
3	0
3	0
2	1
3	0
6	0
4	0
3	0
3	0
4	0
2	1
3	0
4	0
3	0
3	0
4	0
3	0
3	0
3	0
5	0
5	0
3	0
3	0
3	0
3	0
4	0
4	0
3	0
3	0
2	0
3	0
9	1
2	1
4	0
3	1
4	0
3	0
6	0
4	0
3	0
3	0
3	0
4	0
3	0
4	0
4	0
3	0
4	0
3	0
3	0
3	0
4	0
4	0
3	0
4	0
3	0
6	1
5	1
3	0
37	1
187	0
374	0
5	0
7	0
5	0
3	1
3	0
2	738
3	705
0	761
6	1
20	0
7	0
59	0
18	0
5	0
76	0
12	0
18	1
137	0
369	0
92	1
55	0
63	0
36	1
24	0
91	0
5	0
2142	1
9	0
177	0
8	0
8	0
7	0
5	0
7	1
63	0
6	0
5	0
16	0
3271	4
6	0
54	0
9	0
60	0
5	0
49	0
13	0
39	0
4	0
29	2
4	0
17	0
93	0
11	0
3	1
19	0
4	0
3	1
6	0
12	0
66	0
3	0
113	0
93	0
3555	1
328	2
45	0
125	0
6	0
832	2
131	0
13	1
6	0
85	0
8323	10
444	1
6	1
24	0
16	1
3	0
6	0
10	0
10	1
77	0
150	0
5	0
2	1
73	0
4	0
3	0
30	0
220	0
30	0
13	0
4	0
3	0
4	0
4	0
4	0
2	0
3	0
2	1
3	0
4	0
4	0
224	34
0	196
6	29
136	6
9	17
0	172
20	195
10	118
5	0
3	0
1886	2
4	96
31	96
0	214
0	296
12	259
45	65
6	251
285	1
45	0
53	0
174	0
162	0
11	1
31	29
3	29
5	0
2	3
17	6
8	6
17	16
11	38
3	24
4	16
4	2
3	6
2	6
4	1
6	0
8	0
4	0
170	0
40	0
9	37
5	37
9	93
30	93
70	1
14	38
7	119
4	161
0	136
7	0
58	7
3	487
45	487
358	3
308	196
20	199
21	0
4	0
9	292
97	292
23	3
5	2
27	3
9	360
13	360
378	1
710	0
2	19
53	42
5	20
17	26
26	8
150	74
0	21
5	210
11	210
8	3
27	45
18	9
0	6
9	37
63	4
6	4
403	0
0	288
26	223
26	214
4	0
55	1
89	0
218	0
45	0
221	0
90	0
6	344
44	344
117	0
44	6
8	52
19	53
8	0
11	0
9	0
1	3
5	1
39	2
71	0
0	380
37	423
20	440
16	483
6716	50
98	0
10	1
17	1
3	0
228	0
120	0
884	1
228	0
232	0
84	0
23	236
9	236
12	91
9	207
12	242
14	399
2	648
43	328
0	422
13	263
176	0
4	203
0	203
144	0
15	2
100	2
144	0
634	0
1	113
6	113
33	0
113	0
110	1
14	37
14	37
3709	0
2	10
0	128
5	134
0	146
50	6
19	0
19	52
13	52
403	1
36	29
21	29
12	209
3	209
7	210
1	255
10	255
628	3
98	0
8	198
11	198
30	0
108	0
0	149
226	64
13	134
0	163
31	12
5	0
2	56
31	56
0	89
60	216
3	0
5	126
7	177
63	156
0	264
1	22
57	22
337	0
10	11
43	11
148	0
13	0
16	13497
24	27863
1072	37431
0	37410
20	22072
11	28480
1	28890
397	26048
246	42556
2596	38244
72	34705
0	13615
6	55
8	55
27	3
5	0
4	0
15	77
6	290
6	72
8	290
10	290
63	0
2	28
29	28
633	0
157	0
143	0
13	15
49	15
2	119
15	119
49	0
1116	1
28	0
34	0
10763	9
205	0
37	133
7	73
14	73
6	107
78	0
16	198
21	198
21	7
29	25
0	41
6	23
94	0
16	0
10	0
117	30
22	30
88	0
38	0
262	0
404	1
322	0
152	0
11	60
45	139
78	442
186	111
28	139
4	598
2	460
2	120
4	174
0	343
0	412
16	447
50	443
14	714
193	0
6	0
5	0
8	0
6	2
5	2
29	0
6	0
3	0
2	1
5	1
12	0
34	0
12	0
6	17
10	17
95	0
2	0
2	3
4	3
4	1
15	0
7	0
5	0
142	0
11	0
5	0
18	0
10	2
16	2
5	1
3	1
9	0
10	0
8	0
4	0
5	0
7	0
7	0
4	0
7	1
3	1
6	0
6	0
8	0
8	0
13	0
2	0
7	1
48	0
17	1
23	0
4	0
5	0
4	0
3	0
11	0
4	0
2	2
11	2
8	0
5	0
5	0
4	0
9	0
17	0
4	65
7	65
84	0
5	0
10	0
9	0
15	0
34	0
8	0
22	0
4	0
15	0
3	0
20	0
5	0
5	0
3	0
3	0
3	0
6	0
188	0
3	0
5	0
3	0
4	0
4	1
4	0
12	0
5	2
11	2
4	0
3	0
3	0
4	1
3	0
3	0
3	0
5	0
5	0
4	0
4	0
8	1
3	0
23	1
5	0
4	1
5	0
9	0
3	0
8	0
7	0
5	0
3	0
6	1
4	0
6	0
4	0
3	0
3	0
9	0
6	0
7	0
5	0
4	0
34	0
4	1
6	0
6	0
6	0
9	0
2	1
3	0
4	0
9	0
11	0
6	0
35	2
4	0
3	0
5	0
8	0
5	0
4	0
5	1
727	0
3	0
3	0
3	0
10	0
7	0
9	0
3	0
3	0
5	0
2	1
9	0
3	0
4	0
5	0
3	0
3	0
4	0
4	0
5	0
3	0
5	0
3	0
5	0
3	0
16	0
5	1
6	0
3	0
11	0
8	0
4	0
5	0
3	0
3	0
10	2
2	1
4	0
6	1
7	0
6	0
3	0
5	0
17	0
6	0
5	0
18	0
5	0
4	0
7	0
4	0
3	1
11	0
6	0
5	0
3	0
4	0
4	0
4	0
5	0
4	0
3	0
4	2
4	0
4	0
8	0
4	0
4	0
3	0
3	1
21	0
9	0
4	0
8	0
4	0
4	0
5	0
3	0
3	1
6	0
4	0
4	0
3	0
12	1
7	0
3	0
4	0
3	0
3	0
3	0
4	0
3	0
3	0
7	0
5	0
84	0
51	1
120	0
22	0
5	1
13	0
3	1
11	1
4	0
12	0
3	0
6	1
7	0
26	0
5	0
5	0
6	0
14	1
6	0
4	0
7	0
17	0
64	1
22	0
10	0
2243	1
27	0
4	0
11	0
7	0
8	0
17	1
3	0
91	0
18	0
20	0
68	0
1112	0
8	0
10	0
12	0
21	0
6	0
6	0
3	0
77	0
11	0
45	0
112	0
3	0
93	0
5	0
182	1
17	1
106	0
3	1
3	0
4	0
7	0
6	0
6	0
3	1
5	0
7	0
39	0
161	0
3	0
4	1
12	0
13	0
8	1
5	0
31	0
26	1
11	0
1122	2
8	0
4	0
117	0
325	0
4	0
86	2
4	0
7	1
35	0
9	1
11	0
7	0
44	0
7	0
6	0
9	0
59	0
1283	0
10	0
9	1
5	1
25	0
6	0
8	0
6	0
38	0
1252	1
478	1
4	0
4	0
5	0
33	0
148	1
117	0
13	0
13	0
26	1
1221	0
20	0
11	0
9	2
5	0
7	0
16	1
16	0
18	0
3	0
9	1
6	0
3	0
336	0
56	0
8	0
8	0
43	0
10	0
128	0
359	0
15	0
7	1
59	0
39	0
15	0
3	0
4	0
48	0
5	0
3	0
20	0
818	1
3	17
49	17
45	0
6	0
121	0
4	0
23	0
3	0
5	1
7	0
103	0
21	0
63	0
14	0
54	0
2	1
3	0
18	0
7	0
3	0
4	0
25	0
7	0
8	0
11	0
9	0
4	1
14	0
27	0
3	0
5	0
136	0
52	0
47	0
4	0
5	0
6	0
7	0
1560	0
34	1
15	0
17	0
38	1
108	0
3	1
3	0
4	1
5	0
4	0
7	1
6	0
8	0
3	0
5	0
7	0
6	0
37	0
6	0
4	0
4	0
3	0
3	0
6	0
4	0
6	0
3	0
7	0
6	0
4	0
3	0
3	0
4	0
7	0
5	0
15	0
7	0
3	0
4	0
9	1
6	0
3	0
3	1
14	0
4	0
4	0
13	0
6	0
5	0
3	0
6	0
3	0
297	0
3	1
5	0
8	0
8	0
3	0
12	0
71	0
4	0
6	0
3	0
5	0
9	0
4	0
4	0
4	0
4	1
5	1
4	0
6	0
3	1
8	0
3	0
6	0
6	0
22	0
5	1
4	0
6	0
9	0
7	0
3	0
5	0
10	0
4	1
7	0
3	0
2	0
6	0
5	1
5	0
5	0
3	0
37	0
5	0
3	59
4	59
744	0
4	0
3	1
13	0
7	1
4	2
44	0
3	1
16	0
9	0
28	0
5	0
23	3
12	0
7	2
2	1
10	0
7	0
4	0
6	0
66	0
46	0
6	0
10	0
52	0
7	0
8	0
255	0
73	0
3	0
9	0
11	0
3	0
4	0
6	0
3	1
4	0
15	0
30	0
10	1
708	0
7	0
3	0
39	0
4	0
14	0
3	0
35	0
5	1
4	0
28	0
6	0
3	0
5	1
8	0
4	0
5	0
12	0
12	1
10	0
15	0
3	0
3	0
3	0
7	0
63	0
21	1
13	0
4	0
4	0
3	0
11	0
3	0
9	0
4	0
2	39
8	39
3	0
121	0
7	0
27	0
6	0
10	0
6	0
6	0
11	1
76	0
7	0
6	0
46	0
128	0
5	0
3	0
11	1
6	0
5	0
22	0
820	0
4	0
7	0
3	0
14	0
271	0
6	0
3	0
1589	2
4	0
15	0
6	0
5	0
11	0
10	1
15	0
29	0
10	0
3	0
42	0
4	1
5	1
7	0
4	0
5	0
3	0
29	0
3	0
3	1
4	1
4	0
3	0
4	0
10	0
3	0
4	0
57	0
31	0
3	0
13	0
3	0
3	0
18	0
4	0
17	1
3	1
3	0
3	1
4	0
12	14
8	14
382	0
137	1
47	0
5	0
4	0
8	0
56	1
8	0
4	0
11	0
3	0
413	0
6	0
4	0
3	0
31	0
24	0
7	0
5	0
3	0
34	0
21	0
4	0
8	0
87	0
3	0
10	1
14	0
3	1
56	0
7	0
17	0
4	0
3	0
4	0
3	0
16	0
8	0
3	0
3	4
7	4
8	17
2	17
6	0
2	2
5	2
1	273
0	345
55	224
0	7
9	7
28	0
6	123
4	128
1	121
6	1
7	24
22	24
4	90
125	90
3	2
5	1
17	2
3	0
4	5
6	4
1	9
11	1
8	2
15	0
17	2
18	2
3	0
4	0
14	2
22	2
3	677
79	677
5	110
13	110
4	0
4	137
30	137
153	0
22	45
5	45
37	1
23	0
9	0
15	71
169	68
7	0
6	0
3	9
11	9
3	0
6	0
15	0
45	0
7	40
4	40
3	3
2	4
6	82
1	74
15	82
42	0
26	18
3	18
4	76
8	76
13	0
4	0
26	0
3	52
8	52
20	280
0	283
21	115
16	137
13	2
7	2
10	1
4	2
3	0
6	18
6	18
8	0
93	0
13	2
5	0
3	0
5	29
15	27
71	1
28	0
29	0
7	6
3	8
3	5
425	78
6	78
38	0
4	3
4	3
14	0
50	207
6	207
21	0
4	0
10	0
7	0
3	0
33	1
146	0
13	11
16	11
5	0
10	0
11	9
5	4
5	49
0	82
14	16
16	15
0	1
7	49
52	1
4	0
12	0
13	0
53	3
28	3
20	2
20	0
9	0
6	8
4	6
4	0
3	12
2	12
5	0
47	1
27	1
105	0
321	8
168	8
2	0
24	1
13	0
3	0
3628	6
7	0
2	3
2	3
14	0
80	0
3	0
6	40
13	81
51	82
1054	0
10	0
9	3
7	3
9	4
7	5
7	0
241	0
8	0
13	0
16	2
29	2
11	0
8	1
4	0
23	0
45	0
6	0
13	0
18	0
132	0
69	0
41	0
3	35
2	56
8	91
7	132
4	132
58	0
17	7
30	7
11	0
6	14
4	14
15	0
351	1
5	1
10	1
8	0
5	0
6	0
8359	5
5	0
3	0
50	36
1	36
4	0
6	0
4	0
2451	1
5	0
128	0
132	0
20	0
3	0
130	0
3	0
6	0
11	0
4	0
5	0
4	2
73	0
161	0
8	0
3	1
4	1
3	0
7	0
2	1
20	0
13	0
165	0
5	2
14	0
22	0
3	0
174	0
7	0
14	0
4	0
4	0
4	0
12	0
52	0
3	0
258	1
4	0
6	0
22	1
4	0
2	370
6	376
14	382
10	0
5	0
85	0
27	0
30	0
4	0
8	2
6	0
57	0
721	0
12	0
11	1
23	0
3	1
26	0
8	0
7	0
2303	2
19	0
14	1
4	0
19	0
3	0
3	0
60	0
15	0
408	0
13	0
4	0
5	0
3	0
1677	1
5	0
13	0
13	0
44	0
10	0
12	1
211	1
5	0
11	0
5	0
6	0
54	0
5	0
7	0
31	0
7	0
8	0
12	0
3	0
21	0
2	1
3	0
14	0
4	0
9	0
9	0
3	1
5	0
146	0
7	1
18	0
7	0
6	1
5	0
4	0
6	0
6	0
187	0
5	0
4	0
8	0
5	0
3	0
12	0
3	0
4	0
4	0
24	0
5	0
5	0
17	0
5	0
3	0
4	0
6	0
3	0
5	0
33	1
8	0
6	1
5	0
7	0
10	0
8	0
5	0
18	1
3	0
6	0
4	1
5	0
5	1
30	0
1	4
4	5
3	0
66	0
3	0
5	0
11	0
6	0
7	1
4	0
10	0
3	0
9	0
3	0
3	0
3	0
11	0
4	0
8	0
32	0
4	0
13	0
6	0
39	0
3	0
69	0
9	0
776	0
4	0
9	0
4	1
5	0
56	0
3	50
6	50
5	1
2	3
2	2
6	2
1	1
22	1
6	2
63	3
20	0
4	2
22	2
3	2
8	3
7	2
29	2
2	388
4	388
5	388
8	138
2	138
19	1
18	1
5	4
6	4
15	0
12	0
16	1
26	1
22	0
6	0
26	0
5	1
17	1
5	0
16	40
2	39
89	2
37	0
197	1
86	0
5	0
3	3
31	3
20	0
5	0
44	0
99	1
3	2
43	2
84	0
6	0
8	1
12	0
2	1
4	1
9	1
20	0
4	0
17	2
9	2
11	0
13	0
6	2
4	3
78	0
4	0
36	0
24	1
46	1
25	0
57	0
69	0
11	0
14	0
38	0
52	0
6	1
24	0
15	0
364	1
4	5
7	5
8	0
14	0
23	0
6	0
4	0
21	1
46	0
7	0
13	0
92	0
43	0
4	0
90	0
29	0
182	0
32	0
29	2
10	0
11	0
6	0
66	1
28	1
4	0
4	0
20	1
7	0
90	0
30	0
6	2
10	2
5	1
8	1
12	2
10	2
11	2
5	2
40	0
7	1
1	7
3	7
7	0
6	0
4	0
4	1
14	0
6	0
4	1
5	0
15	0
7	0
6	0
9	0
23	0
6	0
5	0
21	1
3	0
13	1
5	0
5	0
29	0
5	0
5	0
11	1
18	0
4	0
4	0
14	1
4	0
5	0
4	0
6	0
3	0
3	0
7	0
6	0
4	0
3	1
3	1
6	0
6	0
4	0
7	0
4	0
3	0
7	0
8	0
11	0
16	0
6	0
7	1
3	0
4	0
4	0
15	0
3	0
4	0
5	0
14	0
3	0
4	0
3	0
3	0
4	0
3	0
42	0
4	0
3	0
6	0
13	0
6	1
7	0
101	0
6	0
14	1
3	0
14	1
3	0
3	0
4	0
4	0
4	0
5	0
7	0
5	0
4	0
7	0
4	0
4	0
3	0
3	0
7	1
4	0
4	0
3	0
3	0
5	0
5	0
8	1
3	1
3	0
4	0
4	0
4	0
3	0
4	0
3	0
6	0
3	0
5	0
4	0
2	0
5	0
3	0
5	0
4	0
4	0
8	1
3	0
5	0
4	0
4	0
3	0
3	0
4	0
8	0
3	0
4	0
5	1
3	0
3	0
3	0
7	1
8	0
3	0
4	0
4	1
7	0
3	0
4	0
21	0
2	1
5	0
4	0
5	0
3	0
4	0
7	0
6	0
3	0
4	0
3	0
6	0
4	0
4	1
3	0
8	0
3	0
5	0
4	0
9	0
3	0
4	0
4	0
6	0
9	0
5	0
234	0
8	0
1837	0
4	0
19	0
1250	0
43	0
4	0
11	0
17	0
13	0
8	0
16	2
5	1
2	1
3	0
420	1
3	0
8	0
6	1
8	0
3	0
14	0
6	0
4	0
24	0
3	0
166	0
61	0
6	0
3	0
4	0
19	1
4	1
12	1
4	0
4	0
3	0
3	0
6	0
3	0
12	0
8	0
5	0
3	0
3	0
10	0
57	0
3	0
6	0
4	0
3	0
3	0
298	0
177	0
10	0
11	0
3	0
5	0
4	1
3	0
14	0
10	0
26	0
24	0
42	0
4	0
3	0
9	2
1393	1
9	0
33	2
4	0
3	0
7	0
101	0
87	0
9	0
4	0
10	0
5	0
10	0
168	0
6	0
25	0
256	0
5	0
11	0
1	122
37	122
7	1
23	0
57	0
5	0
22	0
8	0
48	0
20	0
19	0
9	1
3	0
45	1
14	0
20	1
6	1
3	0
4	0
13	0
10193	8
42	1
84	0
51	0
120	0
163	0
5	0
14	0
6	0
10	2
32	1
47	0
724	1
5	1
8	0
3	0
6	1
3	0
7	0
4	0
4	1
48	0
4	0
7	0
5	39
4	39
2376	4
3	1
34	0
6	0
35	0
232	0
22	1
6	0
7	0
158	0
12	1
11	0
8	0
8	0
26	0
1365	1
12	0
3	0
24	0
7	1
7	0
147	0
19	1
3	0
12	1
2	235
6	235
105	0
3	0
21	1
12	1
4	0
25	0
48	0
66	0
7	0
17	1
118	0
2093	0
5	0
7	0
14	1
77	1
329	1
0	53
6	66
5	81
0	81
0	178
0	75
0	180
0	73
55	0
2699	4
9	247
36	633
0	375
26	341
0	268
8	419
0	397
3	375
210	87
20	85
5	189
0	184
0	154
27	116
3	103
59	96
11	86
7	119
139	21
21	0
16	1
3	44
51	147
29	35
15	122
11	1
118	1
27	0
1252	40
933	0
92	0
21	1
14	0
38	0
10	0
228	0
15	0
57	0
6	1
33	1
70	2
20144	19
10	167
2	162
18	159
24	8
0	50
6	50
6	5
7	5
6	0
3	24
8	24
754	0
21	87
48	87
0	428
15	96
0	426
9	352
33	41
272	40
158	3
45	4
15	0
1	11
20	60
1	14
6	59
6	41
1	15
9	2
11	15
14	7
3	0
5	4
4	49
2	50
2104	4
20	110
4	304
22	201
42	1
11	82
10	82
4	82
54	43
12	43
63	2
4	2
54	0
48	0
2	24
3	14
23	11
27	38
59	0
30	0
116	0
497	0
126	0
12	0
156	0
38	0
16	0
77	0
67	1
2	17
41	17
12	546
1148	546
3	3
6	65
5	109
6	95
3	54
3	54
13	80
1	109
33	9
6	9
52	0
2053	1
5	0
878	0
11	250
5	250
6	38
11	39
6	1
16	1
6	0
9	51
4	51
69	4
46	3
60	0
10	20
13	20
61	0
1416	0
622	0
12	0
10	1
7	1
9	2
12	0
2	2
12	1
173	0
420	0
5	1
25	1
15	0
9	0
39	0
41	1
29	0
412	0
530	1
11	1
22	1
15	0
10	333
16	333
252	0
7	2
4	2
30	188
64	188
14	234
10	234
52	117
12	117
55	383
3	383
1711	2
37	0
3406	4
38	0
26	0
31	0
58	0
53	0
28	0
4	104
18	104
6	0
9	7
3	7
2153	1
120	0
20	1
25	0
6	143
4	143
6	515
2	246
7	603
6	317
7	0
10	0
10	127
2	127
222	0
9	6
138	7
22	68
2	34
18	67
14	22
14	91
21	131
16	126
22	8
11	48
4	102
154	0
10	39
38	39
144	0
8	0
2	0
17	0
298	0
49	0
51	0
53	0
115	0
1150	1
4	1
4	0
3	0
3	0
3	0
5	0
3	0
5	0
4	0
4	0
3	0
3	0
5	0
3	0
4	0
4	0
3	0
4	0
4	0
3	0
4	0
3	0
3	0
3	0
3	0
4	0
5	0
3	0
3	0
3	0
3	0
4	0
3	0
3	0
2	1
3	0
3	0
3	0
4	0
3	0
4	0
3	0
6	0
3	0
3	0
3	0
3	0
7	0
4	0
3	0
5	0
3	0
5	0
3	0
2	1
3	0
3	0
4	0
5	0
6	0
2	0
9	0
6	0
3	0
3	0
3	0
3	0
3	0
4	0
4	1
3	0
4	0
3	0
4	0
7	0
5	0
11	0
4	0
5	0
2	1
4	0
4	0
10	0
6	0
3	0
10	0
5	0
3	0
6	0
14	0
3	0
5	0
17	0
7	0
8	1
4	1
3	0
4	0
4	1
11	0
3	0
4	0
72	0
3	0
4	0
18	1
4	0
5	0
5	0
133	0
22	0
5	1
4	0
5	0
12	0
9	0
4	0
6	0
8	0
3	0
8	0
9	0
7	0
46	1
12	0
6	0
13	0
4	0
3	0
9	0
8	0
13	1
119	0
317	0
5	0
6	0
17	1
3	0
10	0
7	0
3	0
3	1
19	0
5	1
3	0
9	0
4	0
5	0
3	0
3	0
16	0
7	0
3	0
4	0
7	0
7	0
7	0
12	1
7	0
3	0
16	0
6	1
4	0
3	0
3	1
4	0
3	0
4	0
5	0
9	0
5	0
9	0
4	0
6	0
3	0
5	0
5	0
5	0
3	0
3	0
3	0
6	0
3	0
2	0
3	0
2	1
14	0
9	1
3	0
3	0
8	0
3	0
4	0
6	0
6	0
4	0
3	0
5	0
21	1
5	0
4	0
3	0
5	0
4	0
7	0
3	0
5	0
5	0
3	1
6	0
3	0
5	0
4	0
6	0
4	0
6	1
4	0
46	0
2	1
2	3
4	0
5	0
4	0
3	0
5	0
3	0
5	0
321	0
4	0
5	0
5	0
3	0
4	0
2	1
3	0
2	2
3	1
4	0
4	0
4	0
11	0
3	0
4	0
3	0
20	1
13	0
11	0
4	0
4	0
3	0
4	0
4	0
3	0
5	0
16	0
13	0
2	0
38	0
4	0
4	0
4	1
3	0
12	1
8	0
3	0
17	0
34	1
4	1
13	1
5	0
9	1
6	0
5	0
7	0
10	0
6	0
3	0
12	0
9	0
5	0
31	0
11	0
1813	3
3	0
7	0
8	0
3	0
5	1
3	0
9	0
3	0
3	0
5	0
149	1
4	0
30	0
9	0
3	0
8	1
4	0
20	1
34	0
18	0
4	0
205	0
4	1
9	1
5	0
13	1
7	0
6	0
22	0
5	0
6	0
8	1
16	0
14	0
6	1
7	0
5	0
5	0
18	1
8	0
9	0
4	0
10	0
72	0
3	0
8	0
4	0
22	0
10	0
8	0
184	0
3	0
6	0
14	0
378	0
9	0
31	0
11	1
131	0
3	0
5	0
69	1
6	0
3	0
4	2
120	0
6	0
130	40
1	40
334	1
436	1
6	0
17	2
3	0
192	0
3	0
53	0
3	0
3	2
7	2
121	0
117	0
835	1
32	0
8	0
49	0
45	0
5	0
5	1
571	0
3	0
6	0
194	0
210	0
12	1
9	0
33	0
7	0
4	0
27	1
191	0
57	0
6	0
63	0
5	0
5	0
7	0
99	0
206	0
5	1
11	0
12	1
130	1
26	1
6	0
35	0
80	0
98	0
56	0
9	0
7	0
69	0
4876	5
10	0
4086	0
560	1
121	0
4	0
10	1
4	0
34	0
17	1
7	0
60	0
76	1
14	0
60	0
4	0
59	1
55	0
22	0
28	0
7	0
8	0
6	0
19	0
19	0
3	0
4	0
41	0
3	0
12	0
4	1
3	1
9	0
13	0
33	1
14	0
14	2
15	2
39	2
4	0
6	1
2	2
8	0
3	3
5	2
13	0
8	0
4	0
6	0
5	2
5	2
16	0
13	0
6	0
5	0
6	1
4	0
5	1
21	1
23	0
13	0
6	0
6	1
4	0
5	2
3	2
5	0
8	1
158	0
4	0
4	0
9	0
15	0
35	0
7	2
18	2
68	2
46	2
6	0
6	0
8	0
10	0
3	0
5	0
7	1
6	1
7	0
23	0
7	1
6	1
2	0
50	0
2	2
3	2
9	0
4	0
21	0
8	1
6	1
5	0
6	0
7	2
3	2
8	0
10	0
3	0
6	0
4	0
1	2
2	2
9	2
9	2
6	0
12	0
18	0
5	0
3	2
10	2
10	0
7	0
6	0
7	0
50	0
11	0
13	0
23	0
159	0
85	0
16	0
10	1
4	0
112	0
24	0
3047	2
559	0
4	0
3	0
22	0
72	150
5	150
4	0
257	0
2	1
13	0
88	0
6	0
6	0
4	0
4	0
3547	2
10	0
6	0
72	0
81	0
4	0
61	0
51	0
7	0
7	0
188	0
787	2
55	0
58	0
7	0
16	0
14	0
8	0
240	0
41	0
4	0
81	0
4	1
3	1
6	246
4	246
4	0
10	0
7	0
12	0
28	0
72	0
93	0
52	0
9	1
6	0
7	0
39	1
9	1
26	0
1734	2
4	0
35	0
29	2
25	0
65	0
4	140
4	140
5	0
1394	2
143	0
56	0
9	0
14	0
72	0
21	1
1329	4
5	0
68	0
4	0
6	1
4	0
10	0
5	0
8	0
8	0
79	0
5	0
3	0
3	0
6	0
3	0
6	0
4	0
8	0
3	0
3	0
3	0
5	0
8	1
3	0
4	0
4	0
4	0
4	0
4	0
6	0
4	0
7	0
3	0
3	0
5	0
4	0
5	1
4	0
2	0
4	0
4	0
3	0
4	0
3	0
4	1
3	0
4	1
5	0
4	0
3	0
2	0
4	0
3	0
4	0
3	0
4	0
4	0
3	0
3	0
6	0
5	0
8	0
4	1
4	0
5	1
3	0
4	0
4	0
6	1
3	0
3	0
3	0
3	0
3	0
25	1
5	1
4	0
4	0
2	0
15	0
5	1
5	0
4	1
4	0
5	0
3	0
10	0
4	0
3	0
4	0
3	0
3	0
5	0
5	0
14	0
4	1
5	0
6	0
5	1
9	0
3	0
29	0
5	0
2	1
6	0
7	0
19	0
5	0
6	0
2	2
4	0
3	0
3	0
13	0
5	0
3	0
4	0
4	0
3	0
3	0
8	0
3	0
9	0
5	0
4	0
5	1
4	0
8	0
5	0
4	0
10	0
3	1
3	1
6	0
4	0
3	0
4	0
45	0
4	0
25	0
5	0
5	1
7	1
3	0
3	0
7	0
13	0
4	0
7	1
9	0
4	0
4	0
3	0
4	0
20	1
6	1
4	0
11	0
4	0
6	0
19	0
8	0
6	0
4	1
12	1
5	0
5	0
3	1
5	1
3	0
9	0
16	0
2	0
6	1
5	0
3	0
17	0
4	0
3	0
4	0
4	0
4	0
3	0
4	0
3	0
7	0
9	0
6	1
5	0
3	0
3	0
4	0
4	0
5	0
3	0
3	0
3	0
3	0
5	0
4	0
3	0
5	0
4	0
4	0
4	0
2	1
5	1
4	0
5	0
5	0
6	0
3	0
9	0
3	0
4	0
4	0
3	0
6	1
3	0
3	0
3	1
3	2
4	0
3	0
3	0
4	0
3	0
3	1
4	0
3	0
3	0
4	0
3	0
3	0
3	0
6	0
8	0
3	0
3	0
3	0
3	0
4	0
5	0
3	0
5	1
7	745
11	745
2	0
0	1308
0	1266
0	1200
0	1262
0	1242
0	1323
0	1229
33	1
120	615
1	615
2635	4
115	323
275	323
0	601
0	582
6	560
59	645
40	645
0	2358
249	2358
438	2307
0	2305
0	1023
135	6
3609	4
230	536
349	536
932	1
123	1393
53	1393
0	686
4	46
0	654
5	620
5	629
0	623
0	655
5	0
5	0
90	12
18	12
67	1
7292	5
838	1
1385	0
413	0
154	1
3	4625
60	957
0	4802
6	4794
24	4556
0	4202
1805	1
2404	5
1396	491
322	669
40	669
647	492
5	1939
86	1939
37162	27
128	78
53	78
22	921
24	1304
10	106
80	1242
16	1212
361	1
406	10
281	0
436	139
73	991
4	114
55	99
454	187
424	2249
591	9
2	1339
684	30
54	89
3	109
496	109
666	1
373	0
3	616
9	552
0	625
1349	2
244	36
214	36
3494	5383
0	7661
1165	15510
25859	1807
1	11885
315	12554
0	2768
861	0
358	0
5199	6
1212	2
394	230
284	230
468	30
699	32
1005	0
159	0
1727	1
59	7
504	7
3	0
4	0
3	0
599	1
3809	4
1177	1
35	132
41	135
44	267
2011	6
919	1
1	1010
2	1350
6	1350
2564	6
3466	1
456	1
1297	1
310	0
2744	312
504	132
3127	383
706	187
113	94
41615	42
2394	3
731	8
3991	2
4233	778
39	768
1537	81
217	24
4243	26
1663	1
71	15
194	28
5862	9
10722	11
17	750
84	750
13	2
195	137
117	138
356	378
26	346
72	0
143	0
1901	0
688	0
1379	2
7014	3
591	1
946	1
639	0
0	2489
28	2283
99	2034
32	1649
136	1649
671	0
231	273
419	502
149	348
24	329
0	758
81	0
961	0
68	0
204	0
417	1
820	1
7975	4
1299	3
183	2
119	2
187	543
36	7257
0	4634
0	11432
0	23251
0	10405
0	22224
326	10058
7	3625
5	7586
0	6146
1035	795
1	4061
0	6074
0	15739
1	1485
15	4352
247	0
75	38
50	39
299	0
9967	11
25075	20
17718	18
630	949
921	948
10	640
5	70
28	639
53	677
37	711
0	3845
0	5685
0	4903
0	4627
406	0
1240	1
9	628
19	736
32	515
9	533
0	504
4	1055
6	623
2	1181
10	857
249	2627
29	2627
9308	3
26	922
1	65148
1	5128
70	5424
0	74079
498	3801
0	91890
209	8777
0	107020
0	58949
0	663
160	7956
375058	262
1019	0
2036	1
1875	2
316	0
0	489
0	629
0	699
1	417
7	2
24	2
5216	6
4	392
11	350
0	282
1677	0
13	0
5	0
10	2
7	1
14	1
3	0
209	0
17	0
5	0
39	1
6	0
4	0
4	0
8	0
247	0
101	0
3233	2
21	2
3	0
156	1
10	0
25	1
4	0
25	0
11	0
4	0
3	0
5	0
4	0
5	0
3	0
10	0
4	0
4	0
19	0
4	0
252	0
5	0
280	0
1376	4
10	0
46	0
1442	2
13	1
6	0
25	0
4	0
16	0
12	1
4	0
4	0
17	0
9	0
3	0
5	0
4	0
7	0
6	0
4	0
20	0
6	0
6	0
22	0
61	0
140	1
16	0
6	0
5	0
25	0
3	0
140	1
3	0
843	0
5	0
79	0
112	0
2	0
3	0
7	0
8	0
4	0
2	0
4	0
4	0
10	1
5	0
3	0
9603	9
10	0
5	1
7	0
9	0
8	1
4	0
606	1
9	0
5	0
7	0
11	1
4	0
3	0
5	0
22	0
65	0
144	0
3	0
3	0
4	0
6	0
9	1
3	0
7	0
11	0
51	0
5	0
3	0
9	0
3	2
4	0
3	0
4	0
31	0
179	0
6	0
4	0
11	0
5	0
7	1
4	0
5	0
3	0
21	1
4	1
4	1
28	1
4	0
5	0
3	0
6	0
3	0
47	0
8	0
14	0
8	0
4	0
4	0
5	0
3	0
4	0
4	0
6	0
6	0
7	0
3	0
7	0
9	0
7	0
7	1
14	2
3	0
10	0
47	1
8	0
41	0
5	0
2	1
4	0
7	0
5	0
3	0
12	2
247	0
11	0
5	39
4	39
4	0
7	1
4	0
7	0
12	0
5	0
4	0
11	0
7	1
13	1
48	0
12	0
524	2
37	0
14	2
29	0
4	1
14	0
14	0
19	1
50	0
100	0
1191	0
7	0
151	0
52	0
3	0
11	0
3	0
35	0
3	1
10	1
11	0
3	0
3	0
9	0
6	0
30	0
3	0
92	0
193	0
9	0
12	1
10	0
48	0
11	1
4	0
13	1
117	0
9	0
4	482
14	482
9	1
48	0
90	0
6	0
119	0
18	0
9	0
62	0
58	0
7	0
8	0
6	0
190	0
8	0
51	0
29	0
938	2
3	0
33	0
12	193
9	193
13	0
2	1
94	0
30	1
11	0
5178	4
48	1
19	0
29	1
61	0
12	0
38	0
12	0
156	0
10	0
152	0
5	0
264	0
26	1
4	0
429	1
5	0
10	0
49	0
22	1
49	0
5	1
16	1
7	0
23	0
9	0
6	0
605	0
8	0
3	0
5	0
30	0
4	0
4	0
4	0
4	1
3	0
7	0
4	0
3	0
15	1
6	0
6	0
5	1
4	0
7	0
9	0
3	0
5	0
10	0
4	0
2	1
6	0
14	1
11	0
2	1
3	0
9	0
10	0
11	0
5	0
10	0
3	0
4	0
23	0
9	0
5	0
7	1
9	0
4	0
3	0
5	0
5	0
14	0
1	14
1	14
4	0
4	0
7	0
8	0
7	0
3	0
3	0
6	0
3	0
3	0
5	0
3	0
4	0
9	1
5	1
4	0
11	0
905	3
4	1
15	0
8	0
5	0
9	0
3	0
6	0
3	0
4	0
3	0
6	0
11	0
9	0
4	0
5	0
3	0
4	0
3	0
6	1
4	0
3	0
3	0
5	0
3	0
5	0
3	0
2	1
5	0
5	0
4	0
4	1
3	1
5	0
5	0
3	0
3	1
9	0
10	0
4	0
19	0
5	0
9	0
19	0
5	0
11	0
4	0
4	0
3	0
3	0
3	0
695	1
3	0
4	0
5	0
5	0
6	0
7	0
5	0
4	0
4	0
3	0
3	1
3	0
4	0
3	0
7	0
4	0
3	1
4	1
104	0
3	0
6	1
7	0
10	0
7	0
3	0
5	0
5	0
5	1
4	0
6	0
2	0
4	1
10	0
4	0
7	0
5	0
27	0
6	0
4	0
3	0
3	0
4	0
6	0
5	1
7	0
9	0
4	0
3	0
4	0
4	0
8	0
4	0
4	0
3	1
60	0
8	0
9	0
8	1
3	0
5	0
6	0
16	0
13	0
6	1
21	0
4	1
15	0
4	0
59	0
3	0
4	0
164	0
12	2
57	0
5	0
85	0
122	0
6	0
17	1
5	0
49	0
6	0
5	0
31	0
5	0
12	0
3	0
4	0
18	1
16	1
5	0
7	0
102	0
11	1
238	0
79	0
79	0
16	2
17	0
7	0
40	1
7	0
3	0
5	0
8	1
4	0
5	0
6	0
7	1
4	0
7	0
5	0
5	0
4	0
8	0
4	0
3	0
1549	3
11	0
36	0
17	0
8	0
136	0
9	0
4	1
518	0
15	0
51	0
67	0
3	0
7	0
6	0
20	0
6	0
59	0
303	0
16	1
32	0
65	1
5	0
3	0
4	1
38	1
5	2
6	0
6	0
30	0
9	0
4	0
3	0
15	0
456	0
10	0
4	0
5	0
4	0
3	0
3	0
4	0
5	0
4	0
5	0
3	0
3	0
3	0
10	0
6	0
4	0
4	0
2	1
3	0
3	0
7	0
3	0
4	0
6	0
3	0
3	0
106	0
4	0
3	0
4	0
5	0
5	0
3	0
4	0
5	0
6	0
3	0
4	0
6	0
5	1
3	0
11	2
4	0
5	0
3	0
16	0
7	0
4	0
4	0
3	0
9	0
5	0
4	0
3	0
5	0
4	0
4	0
3	0
3	0
5	0
4	0
3	0
4	0
4	0
6	0
4	0
9	1
9	0
7	0
14	0
4	0
8	0
76	0
3	0
4	1
9	0
5	0
3	0
3	0
5	0
9	0
3	0
5	0
6	0
4	1
3	0
10	0
3	0
3	0
7	0
9	0
19	1
4	0
18	1
6	0
3	0
4	0
3	0
3	0
3	0
19	0
2	0
3	0
4	0
3	0
56	0
2	0
49	0
261	0
4	0
2419	2
3	0
3	1
44	0
3	1
116	0
4	0
23	1
5	0
3	0
6	0
10	0
3	0
8	1
6	0
8	0
539	0
3	0
3	0
3	0
139	0
5	1
9	0
3	1
52	0
36	0
5	1
3	0
544	0
57	0
16	0
3	0
3	0
136	0
4	0
7	1
60	0
7	0
3095	1
6	0
59	1
16	0
17	0
184	0
4	0
26	0
6	0
4	0
3	0
3	0
1526	4
8	1
7	0
10	0
7	1
3	0
4	0
129	0
8	0
6	0
3	0
5	0
3	0
9	1
70	1
4	0
19	0
24	0
4	1
10	0
3	0
4	1
16	0
27	0
151	0
6	0
6	0
3	0
14	0
38	0
9	0
381	2
4	0
27	0
4	0
10	1
3	0
5	0
7	3
8	0
4	0
7	0
4	0
9	0
4	0
11	1
24	0
6	0
17	0
3	0
3	0
15	0
149	0
7	0
5	0
7	0
37	0
9	0
11	1
15	0
5	0
3	0
4	0
4	0
15	0
12	1
11	0
7	0
5	0
17	0
3	0
286	1
5	0
3	0
5	0
3	0
5	0
28	0
15	0
194	0
18	0
70	0
5	1
182	0
34	0
19	1
11	1
14	0
17	0
5	0
11	0
4	0
4	0
10	0
23	0
5	0
5	0
4	0
272	0
3	0
5	1
5	0
13	0
2	1
8	1
6	2
5	2
16	0
39	1
2	2
3	2
15	0
6	2
5	0
3	0
3	2
7	2
6	1
24	1
10	0
10	0
3	0
3	0
73	0
7	0
9	1
55	1
32	0
5	0
51	0
8	1
7	0
140	2
17	2
3	0
2	2
2	2
14	0
9	0
6	0
5	1
1	1
2	1
4	1
26	0
52	1
2	2
4	1
3	4
5	2
3	2
5	2
8	2
9	0
4	0
3	1
5	0
11	0
11	0
4	0
5	0
12	0
3	0
12	0
4	0
6	0
4	0
17	2
6	2
5	0
27	0
5	0
6	0
2	88
3	88
10	1
12	0
11	0
5	0
6	0
4	0
19	2
3	0
5	0
5	0
15	0
8	0
10	1
4	0
22	0
645	0
90	0
43	0
17	0
45	1
7	0
3	0
49	1
35	1
4	1
8	0
80	0
16	1
10	1
12	1
28	2
19	1
6	0
5	0
8	0
69	0
11	0
5	0
55	0
31	0
7	0
115	1
3	0
9	0
3	0
107	0
15	0
15	1
3	0
4	0
4	0
35	0
58	0
12	1
6	0
11	0
19	1
14	1
16	0
18	0
440	0
16	0
912	0
1765	0
23	0
17	1
210	0
3	0
17	0
134	0
11	0
7	0
6	0
16	0
6	0
27	1
4	0
33	0
41	0
28	1
3	0
3580	4
996	0
179	0
14	0
200	0
9	0
448	0
100	0
10	0
7	1
280	0
37	0
39	0
11	0
57	0
357	0
16	0
11	0
36	0
3	0
9	1
52	1
44	0
204	0
1	288
188	288
4	0
5	0
16	0
44	0
16	0
8	0
18	0
7	1
5	0
4	0
4	0
6	0
3	0
6	0
96	0
92	1
4	1
3	0
30	0
76	0
3	0
23	0
34	0
3	0
40	0
40	0
1056	1
6	0
9	0
4	0
22	2
34	0
11	1
38	0
3	1
8	0
9	0
26	0
31	1
5	0
3	0
7	1
5	0
5	0
6	0
10	0
6	0
16	0
7	0
3	0
7	1
3	0
4	54
2	54
13	0
3	0
86	0
3	0
3	1
7	0
6	0
46	0
12	0
9	0
77	1
14	1
6	0
8	0
19	1
5	0
7	0
5	0
35	0
171	0
26	0
5	0
4	0
2	1
4	0
5	0
5	0
14	1
6	0
4	1
4	0
4	0
10	0
5	0
4	1
14	0
86	0
14	1
5	0
4	0
4	0
5	0
4	0
17	0
4	0
3	0
7	1
12	0
4	0
2	0
9	0
12	0
20	0
5	0
4	0
38	1
7	0
4	0
3	0
5	1
148	0
8	1
5	0
6	0
7	1
3	0
9	0
15	0
3	0
107	0
3	0
5	0
10	0
3	0
35	0
18	0
11	1
6	0
5	1
2	1
3	1
7	0
8	0
31	0
5	0
5	0
7	0
10	0
4	0
5	0
5	0
7	3
3	0
13	0
4	1
3	0
17	0
5	0
6	0
9	0
6	0
17	0
5	0
5	0
14	0
3	0
5	0
3	0
3	1
3	1
6	0
9	0
6	1
3	0
3	0
6	1
6	0
4	1
7	0
4	0
5	0
3	0
5	0
11	0
6	0
13	89
4	89
4	0
307	0
4	51
11	15
81	66
7	3
9	3
7	2
10	1
34	3
39	0
4	0
8	1
12	0
2	1
10	1
8	0
15	0
6	2
18	0
5	0
5	0
2	0
2	0
7	0
4	0
14	0
2	0
10	0
4	0
34	0
4	0
6	0
5	5
4	5
5	0
7	0
2	0
6	1
3	1
3	0
2	1
6	1
7	0
21	0
8	0
4	0
4	0
7	1
10	1
5	0
4	1
2	1
5	2
5	0
6	2
7	2
23	2
32	2
5	0
4	1
5	2
7	2
36	0
5	0
16	1
8	0
6	102
11	102
5	0
10	1
5	0
14	1
6	0
6	0
9	0
9	0
17	0
8	0
5	0
17	0
31	0
12	0
7	0
33	161
3	161
6	163
4	2
3	0
4	1
1	2
2	3
4	0
1	3
4	3
10	0
3	3
3	3
3	2
3	2
5	0
6	0
6	0
9	0
9	0
12	0
15	1
5	0
2	2
3	2
4	0
27	0
4	0
8	0
4	1
3	1
7	0
2	0
14	0
4	1
4	1
11	0
9	1
10	0
9	2
3	2
8	0
5	2
3	2
15	0
5	0
6	1
25	0
4	0
5	0
3	2
3	2
17	3
14	2
12	1
21	0
5	1
4	1
8	0
24	1
4	1
7	2
6	2
4	1
5	1
12	0
22	0
11	0
3	3
6	2
3	2
7	3
10	1
618	2
5	0
29	0
16	3
3	1
22	2
6	0
7	0
13	1
5	0
16	0
11	0
6	0
32	21
1	21
7	0
11	0
6	0
2	2
2	2
4	1
6	1
5	1
5	2
5	2
2	3
6	2
9	0
6	0
7	103
4	103
1	10
4	10
6	2
12	2
7	0
8	0
13	1
3	0
7	2
13	2
10	2
4	0
24	1
29	1
3	0
10	1
16	2
22	2
54	2
4	4
72	2
103	2
15	0
10	1
28	35
7	35
10	0
11	2
16	2
7	0
33	1
18	2
10	2
20	0
6	0
6	2
24	2
27	0
18	0
9	0
3	2
22	2
10	0
31	1
5	2
2	2
6	0
3	2
7	2
212	1
104	0
19	4
37	4
6	0
9	0
25	2
14	3
12	0
4	1
17	1
8	0
8	0
9	0
2	4
4	4
13	0
7	0
16	0
6	0
6	3
36	3
6	0
52	0
67	0
7	3
7	0
69	0
12	0
4	1
4	0
23	0
36	0
9	0
7	0
7	0
8	2
2	7
1	2
3	7
13	1
4	0
5	4
32	3
54	7
9	0
5	0
3	0
235	0
4	0
16	0
25	2
20	2
183	0
48	0
3	0
6	0
5	0
7	49
2	49
40	0
5	0
8	0
5	2
8	0
8	0
9	0
20	0
12	0
158	0
116	0
8	0
5	3
3	0
8	0
16	2
54	3
37	0
4	0
5	0
44	0
24	0
9	1
146	0
373	0
6	0
5	0
86	0
7	0
12	0
3	0
7	0
13	0
5	0
8	1
28	0
6	0
9	4
3	4
11	0
126	0
13	107
37	106
5	1
21	0
91	0
5	154
3	154
24	0
8	1
6	1
618	1
10	0
58	3
25	3
5	1
8	2
41	0
25	3
14	0
10	0
6	6
4	6
8	0
5	0
3	0
23	3
20	4
5	0
3	4
23	5
41	0
17	0
3	1
10	0
6	1
3	0
4	0
7	0
3	0
5	0
3	0
6	0
5	0
3	0
3	0
9	0
7	0
5	0
5	0
7	0
4	0
5	0
108	0
4	0
4	0
13	0
19	1
4	0
3	0
5	1
2	1
5	0
4	0
4	0
5	0
6	0
5	0
8	0
7	0
6	0
7	0
2	1
3	0
4	1
3	1
6	0
3	0
4	0
3	0
7	1
2	1
3	0
3	0
7	0
3	0
6	0
9	1
3	0
3	0
5	0
3	0
3	0
4	0
19	0
3	0
8	1
6	0
6	0
8	0
3	1
4	0
3	0
10	1
3	1
6	0
5	0
4	1
7	1
4	0
4	0
4	0
4	0
5	0
3	0
6	0
9	0
4	0
4	0
15	0
21	0
9	0
5	0
4	0
7	0
4	1
7	0
3	1
5	0
4	0
4	0
4	0
4	0
6	1
3	0
6	1
12	1
2	1
4	0
9	0
4	0
4	0
3	0
3	0
12	0
3	0
4	0
21	0
4	1
9	0
8	0
4	1
6	1
6	0
19	0
6	0
4	0
5	0
4	0
3	0
3	0
360	0
2	1
10	0
13	1
6	0
4	0
6	0
6	0
47	0
3	0
6	0
3	0
6	0
7	0
8	0
9	0
4	0
5	0
3	0
3	0
3	0
3	0
4	1
3	0
6	0
8	0
7	0
6	1
3	0
5	1
4	0
11	0
4	0
4	0
30	0
4	0
24	0
457	0
12	0
6	0
84	0
6	0
5	0
4	0
3	0
7	1
3	0
3	1
3	1
9	1
4	0
17	0
19	1
3	0
116	0
3	0
13	0
3	0
4	0
3	0
6	0
5	0
4	0
17	0
32	0
6	0
3	0
35	0
5	0
4	0
7	1
3	0
6	0
4	0
5	0
6	0
6	0
6	0
5	0
6	0
3	0
3	0
10	0
4	0
13	1
7	0
5	0
5	0
3	0
5	1
5	0
3	0
3	0
4	0
3	0
4	0
5	0
9	0
10	0
3	0
6	0
7	0
4	0
5	0
3	0
5	0
4	1
3	0
5	1
4	0
41	0
7	0
3	0
3	0
4	0
124	0
4	0
11	0
5	1
3	0
4	0
22	0
6	0
84	0
7	1
14	2
6	1
4	0
7	1
3	0
6	0
5	0
8	1
117	0
50	0
56	2
3	0
10	0
277	0
29	0
5	0
32	0
37	0
37	0
3	0
10	0
3	0
195	0
3	0
22	1
14	0
59	0
7	0
3	0
16	0
165	0
7	1
71	0
4067	4
312	0
7	0
255	1
402	0
3	1
7	0
95	0
178	0
219	0
8	0
93	1
3	0
55	0
11	1
262	0
77	103
2	103
10	0
7	0
4	0
6	0
18	0
8	0
4	0
5	0
20	0
13	0
3	0
8	0
3	0
5	0
4	0
54	0
4	0
68	0
6	0
708	0
123	1
9	1
14	0
13	1
6	0
1690	2
8	1
3	0
6	0
59	0
3	0
8	1
8	0
18	0
8	0
11	6
3	6
3	0
15	2
16	2
4	1
6	0
118	0
188	0
7	0
712	1
14	0
27	1
91	0
14	0
13	0
5	0
5	0
16	0
7	0
7	0
14	0
5	0
7	0
4	0
8	0
5	0
3	1
6	1
6	0
4	0
6	0
4	2
6	2
4	0
3	2
10	2
9	0
7	0
3	1
5	0
5	0
7	0
13	0
4	0
14	1
51	1
30	1
20	0
8	0
58	0
3	1
22	1
6	0
5	0
3	0
7	0
139	2
3	1
2	1
2	2
9	2
6	0
33	0
69	0
8	0
28	0
3	1
3	3
4	2
5	2
24	0
7	0
8	0
26	0
42	0
5	2
3	2
56	0
21	0
9	0
3	0
3	2
6	2
5	0
104	1
4	0
7	2
5	2
3	2
14	2
11	0
4	0
4	0
4	0
3	1
5	0
241	0
6	0
3	0
4	0
6	0
86	0
4	0
5	1
7	1
3	0
4	0
5	0
5	0
5	0
6	0
1210	0
9	0
3	0
8	0
4	0
3	0
7	0
5	0
6	1
5	0
3	0
37	0
4	0
8	0
4	0
4	0
4	1
3	1
3	0
5	1
6	0
4	0
9	0
55	0
8	0
10	0
14	0
22	1
16	0
59	0
6	0
59	0
8	0
34	0
16	0
5	0
11	0
9	1
7	0
5	0
7	1
4	1
17	2
4	0
10	0
11	0
10	0
9	0
4	0
21	0
7	0
43	0
17	0
5	0
13	0
8	1
4	0
3	0
6	0
715	0
6	0
3	0
6	0
7	0
17	0
19	0
990	2
3	0
4	0
6	0
10	0
5	0
19	0
15	0
4	1
5	0
1851	0
37	0
2366	4
1217	1
9	1
192	0
22	0
19	0
4	0
17	0
6	0
5	0
86	0
5	0
6	1
83	0
21	0
10	0
19	0
161	0
28	0
12	0
4	0
5	0
31	0
3	0
7	0
57	0
20	0
23	0
16	0
3	0
65	0
47	0
8	0
47	0
7	0
4	0
8	0
185	0
13	0
1328	2
6	0
4	1
3	0
14	0
8	0
21	1
4	0
5	0
1540	3
4	0
3	0
114	0
55	0
7421	8
29	0
5	0
131	0
25	0
17	0
6	0
141	1
4	1
4	1
4	0
20	0
7	1
5	0
47	1
21	0
12	0
101	0
70	0
4	1
31	0
5	1
22	0
20	0
5	0
92	0
3	0
180	0
5	0
3	0
471	0
389	2
561	1
4	0
8	0
4	0
3	0
33	0
6	0
11	1
3	0
13	0
3	0
6	0
4	1
4	0
4	0
3	0
13	1
5	1
6	0
7	0
7	0
8	0
3	1
9	0
6	0
13	0
7	1
11	1
6	0
3	0
134	0
3	0
2	2
3	0
6	0
6	0
5	0
7	1
9	0
3	0
5	0
4	0
4	0
36	0
7	0
7	0
88	0
5	0
9	0
3	0
3	1
3	0
15	1
15	0
23	0
4	0
5	0
5	0
4	0
3	0
3	0
3	0
5	0
5	0
12	0
9	0
123	0
4	0
7	0
7	2
4	0
4	1
11	0
6	0
3	1
17	0
3	0
12	0
15	0
18	0
3	0
4	0
4	1
5	0
14	1
17	0
5	0
23	0
5	0
4	0
3	0
3	0
3	0
11	0
3	0
6	0
5	0
9	0
8	0
12	0
3	0
16	0
3	0
20	0
3	0
6	20
2	20
4	0
8	0
4	0
11	1
3	0
3	0
22	0
5	0
5	0
6	0
4	0
10	0
4	0
6772	5
12	0
7	0
6	1
5	0
111	0
8	0
27	0
7	1
3	0
3	0
8	0
9	1
6	0
13	0
4	0
3	0
7	0
3	0
8	0
4	0
3	1
4	0
23	0
15	0
6	0
8	1
6	0
5	0
6	1
9	0
3	0
6	0
9	0
8	0
5	0
3	0
7	0
3	0
11	0
4	0
3	0
6	0
6	1
3	0
9	0
4	0
10	0
7	1
11	0
6	0
5	0
5	0
3	0
3	0
5	1
21	0
8	0
4	1
366	0
3	1
3	0
208	0
5	1
84	0
143	0
5	1
13	1
815	2
7	0
66	0
3	0
438	1
46	0
114	0
4	1
1160	3
5	0
80	1
8	0
87	0
42	0
5	0
13	0
233	1
10	0
9	0
2	0
128	1
16	0
83	0
5	0
429	0
4065	4
6	327
55	327
6	0
3	0
81	0
80	0
8	0
25	0
44	0
248	0
6	0
19	0
384	0
14	0
13	0
4	1
274	0
19	0
7	1
94	0
2440	4
26	0
15	0
99	0
2	0
27	1
19	0
5	1
5	0
72	0
4	0
13	0
15	0
12	1
812	0
25	0
20	0
65	1
582	1
6	1
20	0
4	0
102	0
3	0
6	0
6	0
22	1
290	0
26	1
6	0
1971	3
4	0
257	0
6	0
3	0
54	0
163	0
26	0
68	0
22	1
769	1
5	0
9	0
8	0
5	0
3	1
4	0
5	0
18	0
20	1
3	0
11	0
4	0
199	0
10	2
5	0
3	0
9	1
3	0
16	0
4	0
4	0
5	0
11	0
5	0
5	0
2	1
7	0
4	0
4	0
6	0
5	1
5	0
4	0
5	0
4	0
4	0
14	1
5	0
3	0
6	0
3	0
4	0
5	0
4	0
3	1
3	0
4	0
3	0
10	0
3	1
5	0
10	0
4	0
4	0
4	0
5	0
6	0
5	0
22	1
7	0
7	0
6	0
8	0
5	0
4	0
6	0
5	0
10	0
3	0
5	0
8	0
4	0
67	0
10	1
60	0
5	0
4	0
5	0
15	0
6	0
4	0
5	0
6	0
7	1
10	1
117	0
14	0
4	0
14	0
33	0
4	0
6	0
11	1
5	0
4	0
7	0
4	0
6	0
3	0
6	0
4	1
84	0
3	0
8	0
20	0
9	0
7	0
14	0
38	0
25	52
8	52
6	0
2	0
11	2
8	0
14	0
550	0
4	0
19	0
27	0
6	0
98	1
4	0
3	0
4	0
3	1
13	0
146	0
3	0
4	0
3	0
4	0
3	0
3	0
6	0
6	0
21	0
10	0
14	1
13	0
11	0
9	0
4	0
8	0
16	0
8	0
5	0
2176	0
3	0
2156	1
3	0
3	0
5	0
3	0
17	1
13	0
3	0
4	0
8	1
3	0
3	0
6	0
5	0
36	0
6	1
7	0
12	0
9	0
564	1
9	0
4	0
13	0
3	0
4	0
9	1
5	0
35	0
4	1
5	0
5	0
5	0
478	0
4	0
6	0
35	0
7	0
7	0
4	0
6	0
5	0
412	0
3	0
65	0
31	1
20	0
35	0
4	0
70	0
766	1
7	0
2026	1
11	0
6	0
15	1
3	1
10	0
8	0
3834	2
2319	2
4	0
5	2
5	0
5	0
3	0
4	0
10	0
5	1
15	0
4	0
4	0
6	0
11	0
29	0
5	0
138	0
14	0
60	0
5	0
5	0
3	0
5	0
6	1
15	0
110	1
2	1
117	0
73	0
509	0
124	0
3	0
43	0
7	0
6	0
29	2
159	0
4	0
37	0
184	0
400	1
9	0
12	0
73	0
14	1
9	0
396	1
12	0
5	0
33	0
19	0
49	0
4	0
31	0
4	0
1408	2
10	0
233	0
18	1
20	0
5	1
16	0
422	1
29	0
5	0
70	0
9	0
26	0
25	0
21	0
11	0
6	0
33	1
4	0
4	0
897	0
6	0
13	0
3	0
6	0
3	0
5	0
3	0
7	0
2	1
3	0
53	0
3	1
3	0
3	0
3	1
4	0
10	0
45	0
4	0
6	0
4	0
18	0
5	0
9	0
7	0
4	0
5	0
6	0
3	0
20	0
7	0
4	0
3	0
4	0
7	0
4	0
10	0
3	1
9	0
7	0
8	0
8	0
14	0
11	0
7	0
4	0
3	1
49	0
5	0
4	0
4	0
4	0
3	0
26	0
3	0
6	0
4	1
3	0
4	0
4	1
4	1
4	0
160	0
4	0
4	0
4	0
5	1
5	0
3	0
19	1
4	0
4	0
3	0
6	0
12	0
7	1
25	0
29	0
5	0
279	0
5	1
19	0
18	0
7	0
4	0
16	0
89	1
10	0
10	0
3	0
23	0
32	0
4	0
3	0
13	0
296	1
5	0
4	1
2	0
9	0
18	0
19	1
6	1
4	0
5	0
7	0
5	0
2	1
4	0
6	0
8	0
5	0
3	1
97	1
13	1
3	0
8	0
6	0
5	0
4	0
35	0
4	0
18	0
4	0
10	0
5	0
3	0
3	0
9	0
5	0
11	0
5	1
20	0
4	0
9	0
10	0
20	0
8	2
1	2
7	0
26	0
5	0
11	0
8	0
8	1
45	1
6	0
3	0
4	3
75	0
5	0
5	0
11	0
31	1
4	0
4	0
3	1
4	0
25	0
18	0
6	0
16	0
5	1
6	1
4	0
3	1
12	2
4	0
3	0
9	0
97	0
3	1
8	2
6	0
4	0
5	0
45	0
4	1
6	11
10	11
4	0
4	0
18	0
7	0
8	0
7	0
5	1
11	0
1163	1
89	0
32	0
28	0
8	261
27	261
16	0
7	0
16	2
18	1
1755	2
1	39
7	39
11	0
5	0
23	0
50	0
4	0
4	43
2	43
6675	7
60	0
3	0
28	0
3	0
4	0
9	0
6	0
7	0
5	0
12	259
14	259
66	0
146	0
24	0
4	0
4	0
48	0
3	0
21	0
140	0
23	0
3	0
51	0
12	0
45	0
5	0
34	0
13	2
31	0
100	1
4	0
71	0
3	1
34	0
998	1
268	0
93	0
7	0
121	0
54	0
24	0
70	0
4	0
4	0
19	0
117	1
7	1
22	1
7	0
77	1
11	58
14	58
4	0
6	1
3	0
5	0
186	1
48	0
52	0
3	0
2966	4
90	0
138	0
6	0
220	0
15	0
22	1
50	1
18	0
34	1
57	0
12	0
25	0
36	0
16	1
4	29
4	29
3	0
35	0
15	0
10	0
4	0
4	0
7	0
6	0
12	0
22	0
15	0
73	0
7	0
8	0
3	0
57	0
5	0
13	0
4	0
3	0
6	0
17	0
24	0
8	1
65	0
4	1
4	1
12	0
5	1
6	216
2	216
9	1
3	0
9	1
3	0
4	0
11	0
8	1
3	0
4	0
10	2
2	1
552	0
98	0
15	0
13	0
12	0
23	0
5	1
5	0
5	1
12	0
4	0
4	1
4	0
3	0
5	0
4	0
3	0
32	0
5	0
4	0
7	0
8	0
62	0
3	0
6	1
8	0
9	0
42	0
5	0
28	0
6	1
5	0
3	1
30	2
10	0
30	0
814	2
839	0
14	0
4	0
5	0
16	0
6	0
66	0
4	0
6	0
4	0
11	0
7	0
5	0
5	0
3	2
4	2
7	0
3	2
78	0
4	0
11	0
4	0
4	0
8	2
16	2
8	0
3	1
5	1
2	2
4	2
12	0
362	0
13	1
53	1
5	0
5	0
4	0
22	0
10	0
5	0
5	1
4	1
76	0
6	0
5	0
4	0
6	0
6	0
4	2
10	3
7	0
10	1
11	0
9	0
5	0
5	0
11	0
10	0
3	2
8	2
7	0
5	2
67	2
4	0
30	0
5	2
11	3
6	0
2	89
4	89
4	0
13	2
4	2
12	0
3	0
36	0
22	0
6	0
12	0
2	2
2	2
6	0
14	0
9	0
7	0
5	0
8	0
17	2
20	2
6	0
25	0
5	0
75	0
5	0
3	2
79	2
19	0
36	0
8	0
14	0
1	17
60	17
6	1
22	2
9	2
18	2
17	0
31	0
10	2
17	1
6	2
7	2
5	0
11	0
14	2
12	2
6	0
39	0
10	2
18	2
48	0
33	1
48	1
4	1
16	1
7	0
28	0
9	3
99	2
3	0
6	0
20	0
5	11
1	11
3	1
40	0
4	0
10	0
7	1
4	0
13	0
5	0
23	2
25	2
3	2
6	2
31	0
20	0
23	2
16	2
9	1
3	1
3	1
11	0
61	0
3	2
5	2
8	2
47	2
10	0
4	72
9	71
3	0
9	0
15	0
4	2
20	2
12	0
7	1
29	0
81	1
22	1
265	0
8	0
37	0
9	0
9	2
15	2
13	1
6	0
4	0
21	0
4	0
5	2
11	2
10	0
3	0
6	0
13	1
14	1
12	0
4	0
13	0
14	0
28	0
136	0
29	1
44	1
3	2
19	2
5	0
5	0
8	0
5	0
6	1
15	0
10	0
5	2
5	2
10	1
14	1
10	0
9	1
18	1
24	2
19	2
9	1
3	2
6	2
24	1
12	2
21	2
8	2
7	2
247	0
18	0
13	1
79	0
305	0
5	0
7	0
50	0
108	0
12	0
15	0
272	1
1558	1
150	0
90	0
31	0
11	0
59	0
3	0
31	0
2231	3
10	1
4	0
5	0
74	1
8	0
36	0
5	0
17	0
10	0
25	1
156	0
75	1
16	0
146	0
8	0
474	0
6	0
32	0
9	0
42	0
4	0
368	0
14	1
157	0
44	0
853	2
17	0
33	0
36	0
142	0
2	1
4	0
3	309
3	309
5	0
71	3
19	0
106	0
230	1
76	0
5	0
704	0
1284	1
259	1
22	0
3	0
4	0
29	0
35	0
20	1
43	0
6	0
126	0
3	0
6	0
1782	2
152	0
15	0
5	0
4	0
5	0
1121	0
4	205
233	205
829	1
1126	2
3	0
467	0
33	0
192	1
34	1
13	2
8	0
8	0
15	1
21	0
5	0
97	0
113	0
5	0
5	0
6	0
26	0
691	3
5	1
3	0
4	0
3	0
3	0
5	0
3	0
12	1
5	0
6	0
3	0
10	0
3	0
4	0
5	0
5	0
3	0
3	0
4	0
6	0
4	0
3	0
8	0
142	0
4	0
2	1
3	0
6	0
3	0
3	0
3	0
6	0
3	0
3	0
5	0
3	1
5	1
3	0
4	0
10	1
4	0
4	0
11	0
5	0
11	0
14	1
2	2
6	0
14	1
5	0
4	0
4	0
5	1
4	1
4	0
182	1
9	0
3	0
4	0
5	0
5	1
6	0
4	0
4	0
3	0
3	0
5	0
5	1
5	0
5	1
5	0
4	0
3	0
5	0
3	0
5	1
4	0
4	0
7	0
6	0
7	1
3	0
6	1
3	0
5	0
4	0
9	1
3	0
9	0
3	0
9	2
3	0
7	0
4	0
4	1
3	0
5	0
4	0
3	0
3	0
74	0
4	0
874	1
3	0
4	0
3	0
4	0
6	0
3	0
5	0
7	0
15	0
8	0
9	0
5	0
6	0
3	0
14	0
5	0
4	0
3	0
5	0
5	0
4	0
4	0
6	0
3	0
4	0
12	1
4	0
4	1
7	0
8	0
9	0
7	0
3	1
4	0
3	0
24	0
5	0
4	0
4	0
3	1
9	0
4	1
5	0
3	1
4	0
10	0
2	1
7	0
9	2
4	0
15	0
3	0
12	0
7	0
4	1
760	2
7	1
4	0
3	0
3	0
8	0
4	1
3	0
4	0
3	0
4	0
4	0
6	1
5	0
7	1
4	0
5	1
3	0
4	0
7	0
6	0
6	1
7	1
4	1
3	0
6	0
3	0
4	1
12	1
4	0
8	0
3	0
3	0
3	0
6	0
3	0
46	1
4	0
4	0
3	0
5	0
3	0
2	0
3	0
3	0
5	0
3	0
2	1
5	0
3	0
3	0
8	0
3	0
8	0
9	0
3	0
4	0
9	0
3	0
4	0
6	0
3	0
5	1
4	0
28	0
4	0
10	0
4	0
4	0
5	0
3	0
5	0
10	1
8	0
5	1
4	0
3	0
7	0
12	0
5	0
4	1
3	0
5	0
5	0
5	0
4	0
4	0
4	0
4	0
5	0
3	0
3	1
5	0
3	1
5	0
21	0
18	0
5	1
13	0
12	1
20	0
22	1
4	0
103	0
202	0
28	1
6	1
5	0
10	0
16	6
2	6
12	0
7	3
4	2
4	1
88	0
5	0
6	11
2	11
14	2
29	3
24	3
152	0
3	3
4	4
4	3
12	3
130	1
7	1
32	1
9	0
5	3
9	3
9	0
7	0
7	0
36	0
18	1
7	13
9	13
10	3
36	3
4	4
9	4
8	2
3	2
7	0
5	0
15	0
112	0
6	27
44	27
4	0
24	0
159	0
6	0
114	1
7	0
31	0
61	0
46	3
73	3
25	0
10	0
4	0
9	3
5	3
22	4
35	3
20	0
1	5
30	5
6	0
6	2
79	2
24	23
4	23
12	0
3	2
9	2
7	0
82	32
12	32
73	0
3	0
11	1
19	0
9	0
8	0
5	3
13	3
14	0
5	0
4	0
7	0
9	0
53	1
4	0
2	1
7	3
3	3
2	3
6	5
7	0
33	1
20	0
9	0
7	0
11	0
16	0
71	3
64	3
7	3
30	2
3	0
1	0
34	3
27	3
43	0
11	0
28	1
6	3
85	3
20	3
23	3
40	0
16	2
24	0
4	0
3	3
51	3
6	0
29	0
43	0
6	2
11	2
7	2
6	2
12	0
12	3
40	3
90	0
16	0
182	0
4	0
6	0
658	1
6	1
5	0
7	0
3	0
4	1
52	0
32	0
4	0
13	0
249	0
4	1
5	0
5	0
8	0
5	0
10	0
4	0
38	0
8	0
4	0
3	0
6	0
1239	0
3	0
10	0
44	0
11	0
14	0
3	0
5	0
4	0
17	0
17	0
6	0
61	0
7	1
60	0
48	0
9	0
7	0
36	0
5	0
220	0
34	0
5	1
3	0
56	0
375	0
22	0
3	1
44	0
3	0
5	0
1523	1
23	0
4	0
3	0
30	0
150	0
13	0
12	0
13	0
128	0
10	1
81	1
8	0
4	0
7	0
8	1
10	0
35	0
5	0
12	1
61	1
8	0
4	0
4	0
1074	0
4	0
6	143
25	143
4	0
1341	2
8	0
3	0
13	0
5	1
4	0
445	0
28	0
3	0
2	77
7	77
112	0
11	0
10	1
40	0
0	117
32	68
33	28
36	63
8	28
39	66
0	131
21	0
5	0
6	7
6	7
226	0
40	0
40	1
42	0
44	0
95	0
11	203
2	202
78	0
37	0
145	0
14	1
9	538
74	538
33	0
81	0
11	0
25	2
3	2
818	1
31	1
5	109
10	109
11	0
12	0
43	1
12	1
30	0
9	0
154	0
222	1
0	38
7	28
6	28
6	0
14	0
10	1
69	0
7	0
133	2
42	1
4	187
6	187
11	187
2	16
0	19
4	12
15	0
71	20
20	20
11	1
10	0
15	9
9	8
9	1
49	0
120	0
33	2
9	87
12	87
98	0
12	1
8	0
10	1
673	860
8	860
63	0
10	1
58	0
20	1
12	50
17	50
272	0
54	0
4	0
193	0
65	0
426	1
52	0
5	0
11	1
6	113
19	25
0	107
5	113
6	4
7	4
42	1
102	0
541	0
11	0
52	0
10	0
20	0
220	145
7	145
14	1
11	0
841	1
125	244
24	268
7	32
61	0
8	34
5	29
13	62
12	34
117	34
277	0
38	0
52	0
251	1
18	0
584	617
18	618
52	77
5	235
38	172
14	10
8	0
19	2
6	1
34	0
19	0
32	40
9	40
130	0
11	4
44	15
5	15
6	13
11	13
6	0
3	3
162	3
57	142
6	142
14	320
4	320
12	3
10	3
6	2
14	49
21	32
10	34
72	0
90	0
118	0
27	17
5	16
13	0
18	1
55	0
76	0
303	1
9	37
4	37
10	2
359	0
9	0
4	0
2037	2
11	0
19	1
11	0
4	0
17	0
3	0
37	0
29	1
977	0
1614	3
13	0
41	1
97	0
12	0
54	1
10	0
4	0
76	0
58	1
5	0
14	0
21	2
7	0
109	0
1114	1
4	0
168	1
6	0
11	0
6	0
10	0
197	0
9	0
14	1
1172	1
5	0
17	1
8	0
4	0
4	0
3	0
257	0
6	1
82	1
5	0
497	0
3	0
3	0
7	0
58	0
5	1
66	0
37	2
10003	11
7	0
4	1
5	0
138	0
6	1
266	0
23	1
4	0
38	0
17	1
8	0
15	0
7	1
4	1
39	0
11	1
5	0
261	0
11	0
322	0
11	0
5	0
30	0
16	0
48	3
4	0
32	1
5	0
5	1
36	0
9	1
5	0
4	0
6	0
4	0
4	0
2	2
19	1
8	0
194	0
13	0
5	0
12	0
15	0
4	0
3	0
4	0
5	0
10	0
3	0
6	0
6	0
52	0
3	0
4	0
9	0
11	0
4	1
4	0
5	0
3	0
12	0
3	0
5	0
7	1
6	0
5	0
4	0
6	1
3	1
4	0
105	1
4	0
22	0
6	1
23	0
3	0
6	0
4	0
65	0
5	0
6	0
5	0
11	0
6	0
5	0
9	0
4	0
4	0
9	0
5	0
4	0
4	0
3	1
13	0
11	2
3	0
4	0
14	0
4	0
3	0
4	0
2	1
10	0
55	0
10	0
3	1
20	1
2	1
5	0
8	0
7	0
9	0
5	0
8	1
14	2
10	0
5	0
3	0
10	0
5	0
3	0
10	0
6	0
4	0
4	0
6	0
13	1
4	0
7	0
6	0
2	2
360	0
14	1
4	0
20	0
7	0
30	0
4	1
5	1
30	0
5	1
7	0
5	0
10	0
12	0
6	0
2	1
3	0
23	0
7	0
6	0
7	0
2	0
17	0
5	0
8	0
4	0
79	0
2	1
4	1
3	0
8	0
51	0
10	1
8	0
5	0
7	0
8	0
4	0
3	0
11	0
3	0
3	1
15	0
10	0
8	0
4	0
4	0
6	0
4	0
6	0
4	0
26	0
1019	0
11	0
6	0
5	0
5	1
4	0
6	0
9	0
3	0
3	0
8	0
13	0
5	0
8	0
4	1
3	0
4	1
8	0
11	1
6	0
4	0
4	0
14	0
5	1
3	0
3	0
20	0
6	0
73	0
8	0
7	0
4	0
14	0
4	0
9	0
21	0
7	0
4	0
4	0
4	0
7	0
5	0
8	0
4	0
5	0
4	0
2	1
11	1
3	0
5	0
3	0
4	0
4	0
16	0
8	0
4	0
3	0
6	0
4	0
5	1
5	0
5	0
3	0
3	0
12	1
5	0
5	0
5	0
944	0
33	0
8	0
5	0
15	0
3	0
11	0
8	1
3	1
9	0
7	0
4	0
4	0
46	0
7	0
5	0
35	0
4	0
3	0
4	0
4	0
13	1
8	1
4	0
7	1
4	0
3	1
6	0
3	0
4	0
24	0
3	0
16	2
5	0
4	0
7	1
6	0
14	0
6	0
4	0
5	0
6	0
4	0
1074	1
5	0
7	0
5	0
4	0
59	0
6	0
10	0
3	0
11	0
13	0
4	0
4	0
3	0
4	0
4	0
2	1
10	0
51	0
7	0
4	0
4	0
3	0
3	0
4	0
6	0
3	0
5	0
6	0
3	0
4	0
10	1
3	2
7	0
3	1
3	0
3	1
3	0
6	0
4	1
6	0
4	0
3	0
4	0
15	0
4	1
7	0
3	0
3	0
6	1
6	0
3	0
4	0
3	0
7	0
5	0
7	0
3	0
4	0
4	0
3	0
3	0
4	0
3	0
12	0
3	0
5	0
3	0
3	0
5	1
7	0
4	0
9	0
4	0
2	1
4	0
3	0
7	0
9	0
7	0
6	0
4	0
3	0
5	1
3	0
5	0
4	0
4	0
4	0
5	0
4	0
4	0
3	0
4	1
4	0
4	0
3	0
4	0
5	0
7	0
4	0
3	0
2	0
3	0
3	0
3	0
5	0
3	0
4	0
4	0
17	0
4	0
3	0
3	0
3	0
3	0
4	0
3	0
4	0
3	0
3	0
4	1
4	0
4	0
5	0
3	0
7	0
4	0
4	0
5	0
7	0
5	0
3	1
4	0
8	0
3	0
7	1
3	0
4	0
3	0
4	0
12	0
6	0
4	0
4	0
4	0
5	0
3	0
3	0
3	0
3	0
5	0
3	1
4	0
4	0
6	0
4	0
3	1
3	0
4	0
4	0
4	0
4	0
7	0
4	0
3	0
4	0
3	0
4	0
3	0
3	0
3	0
3	0
4	0
3	1
3	0
5	0
2	1
6	0
4	0
1	3
4	0
3	0
3	0
5	0
3	0
4	0
4	0
4	0
3	0
3	0
3	0
3	0
3	0
3	0
4	0
3	1
2	1
3	0
3	0
4	0
4	0
3	0
3	0
3	0
3	0
3	0
3	0
3	0
3	0
3	0
4	0
3	0
4	0
3	0
3	0
5	0
4	0
4	0
3	0
3	0
3	0
6	0
3	0
3	0
4	0
3	0
2	1
3	0
2	1
3	0
42	0
3	0
13	0
6	0
9	0
39	0
154	0
4	0
3	0
23	0
1004	1
9	0
15	0
5	0
25	0
8	0
5	0
5	0
5	0
21	0
15	0
4	1
103	0
8	0
4	0
3	0
15	0
14	1
6	0
13	0
4	0
5	1
66	0
22	0
3	0
4	0
4	0
4	0
4	0
6	0
4	0
22	0
4	0
3	0
4	0
10	1
7	0
218	0
6	1
117	0
392	1
9	0
5	1
3	0
39	0
5	0
11	0
10	1
4	0
4	0
138	0
40	1
97	1
6	0
5	0
4	0
2	1
16	0
177	1
29	0
4	0
26	0
28	0
9	0
3	0
7	1
5	1
3	0
6	0
4	0
3	0
8	0
6	0
3	0
715	0
497	0
9	1
4	0
6	0
42	0
11	0
6	0
4	0
6	0
11	0
4	0
6	0
169	0
33	1
16	0
6	0
3	0
10	0
4	0
8	0
22	0
3	0
12	0
3	0
4	1
4	0
5	0
6	0
5	0
732	0
5	0
3	0
3	0
6	0
12	1
3	2
152	0
62	0
9	0
5	0
4	1
182	2
4	0
4	0
21	0
5	0
3	0
4	0
240	0
9	0
7	0
2	0
4	0
8	0
3	0
4	0
7	0
25	0
7	1
31	0
4	0
4	1
3	0
3	0
4	0
6	0
5	0
4	0
4	0
5	0
14	0
6	0
2	2
8	0
7	0
10	0
17	0
8	0
4	0
6	0
3	0
14	0
3	0
28	0
3	0
8	0
4	0
60	0
4	0
3	1
4	0
4	0
8	0
382	0
3	0
88	0
4	0
30	1
3	0
11	0
9	0
3	1
86	0
5	0
5	0
5	0
63	0
31	1
12	0
4	0
9	1
15	0
7	0
93	0
8	0
5	0
6	0
3	0
4	0
5	0
11	0
4	0
3	0
6	0
6	0
6	0
13	0
3	0
4	1
60	0
4	0
5	2
3	0
21	0
49	0
313	0
107	0
6	0
16	0
6	0
16	1
3	0
8	1
31	0
16	1
6	0
10	1
3	1
3	0
4	0
10	1
130	0
12	1
5	0
161	0
4	1
3	0
7	0
4	0
11	0
70	0
9	1
124	0
179	0
140	1
10	1
5	0
3	0
18	1
5	0
3	1
169	0
130	0
10	0
12	0
4	0
3	1
4	0
1445	1
10	0
5	0
4	0
5	0
9	0
13	1
9	1
10	0
6	0
243	0
5	0
24	0
17	0
7	0
9	0
3	0
48	0
7	0
34	0
7	0
4	0
6	0
28	1
2	3
10	3
9	3
34	3
3	0
6	1
2	3
11	3
7	0
10	0
9	2
4	2
17	1
21	0
5	0
6	1
19	0
7	0
4	3
4	3
16	0
11	0
5	14
4	14
5	0
29	0
6	2
11	2
17	0
6	0
48	1
4	0
4	0
9	0
8	0
20	0
13	0
3	0
6	0
9	0
8	41
2	41
5	0
7	0
4	0
140	1
5	0
11	3
3	0
74	2
8	0
4	0
8	0
8	43
4	43
44	0
21	3
79	3
20	0
14	1
5	1
6	1
70	0
3	5
11	5
4	0
3	7
5	7
7	0
7	0
9	0
4	172
13	187
1	189
4	2
5	2
370	0
23	0
5	0
10	0
4	0
35	0
4	121
18	122
7	1
4	0
5	0
8	2
2	2
4	0
2	0
11	0
19	0
43	0
41	0
75	1
96	0
5	0
4	0
52	0
4	0
30	0
22	0
6	0
69	6
2	104
22	104
7	0
69	1
6	1
2	3
5	3
5	1
6	0
4	0
8	1
3	1
15	0
12	0
14	0
3	0
6	1
267	0
3	0
3	0
7	0
12	0
21	0
3	0
9	0
6	0
4	0
7	1
640	1
40	0
15	0
4	0
17	0
20	0
4	1
32	0
5	0
5	0
29	0
75	0
68	0
11	0
10	0
444	0
3	0
6	0
22	0
13	0
5	0
22	0
6	390
65	390
6	0
3	0
52	0
26	1
8	0
164	0
5	1
172	0
5	0
14	0
3	4
25	5
4	0
7	0
8	0
20	0
17	0
12	0
9	0
258	2
3	0
4	0
34	0
667	2
190	0
65	1
22	0
6	0
7	0
4	0
3	0
3	0
7	0
6	0
101	0
107	0
528	0
35	0
14	0
87	0
83	0
4	0
4169	1
28	0
189	0
5	0
7	1
6	0
7	1
4	0
18	0
33	0
6	0
169	0
3	0
3	0
18	0
8	0
7	0
173	0
143	0
16	0
3	0
79	0
18	1
249	0
3	0
17	0
21	0
16	0
7	297
2	297
23	0
2	1
109	0
59	24
1	24
7	0
33	0
6	0
9	0
48	0
15	1
4	0
18	0
124	0
5	0
9	0
41	0
8	0
16	0
31	0
8	0
108	0
3	1
72	1
10	0
1161	1
13	0
65	0
47	0
12	0
64	0
167	0
52	0
3	0
14	0
11	0
19	0
81	0
3	0
6	0
18	0
2	0
60	0
139	0
294	0
268	0
5	1
19	1
187	0
22	0
11	1
5	0
31	1
16	0
101	1
1893	2
4	1
59	0
3	0
566	0
21	0
24	0
429	1
28	0
13	0
29	0
5	0
137	0
471	0
24	0
4	0
8	0
14	0
55	0
8	97
3	97
5	1
3	0
109	0
12	0
648	0
3	0
3	0
4	0
6	0
3	1
15	0
6	1
6	0
4	0
4	0
3	0
5	0
3	0
4	0
3	0
4	0
4	0
7	0
6	0
12	0
6	0
5	0
5	1
3	1
3	0
5	0
3	0
7	0
7	0
6	0
2	1
4	0
4	0
61	0
4	0
4	0
4	0
6	0
3	0
10	0
2	3
4	0
3	0
4	0
6	0
13	0
6	0
2	1
6	0
4	0
3	1
4	0
6	0
3	3
5	0
3	0
3	0
3	0
6	0
5	0
3	0
3	0
4	0
2	1
3	0
7	0
6	1
4	0
3	0
5	0
3	0
7	0
6	1
5	0
4	0
3	0
5	0
3	0
3	1
27	0
4	0
87	0
3	0
3	0
9	0
6	0
8	0
5	0
4	0
5	0
62	0
5	0
52	0
9	0
25	1
23	0
69	0
54	0
16	0
2	1
3	0
285	1
5	0
4	0
192	0
33	0
38	0
239	0
4	0
4	0
4	0
6	0
5	0
45	1
8	0
18	0
15	0
10	1
3	1
72	0
25	0
91	0
844	0
8	0
9	0
29	1
95	0
6	0
32	0
7	0
203	0
8	0
188	0
9	0
124	0
9	0
4	0
5	0
53	0
65	0
11	0
3	0
17	1
3	0
4	0
2029	3
47	0
46	0
6	0
6	0
31	0
76	0
52	1
166	0
62	0
19	1
39	0
9	0
9	1
51	0
7	0
12	0
4	1
60	0
5	0
4	0
4	0
6	0
95	1
50	0
18	1
3	0
32	0
1346	1
919	2
41	1
8	1
4	0
7	0
12	0
7	0
10	0
4	0
24	1
9	1
5	0
10	1
16	0
12	0
5	0
3	0
4	0
107	0
3	0
6	1
16	0
3	1
12	0
7	0
5	0
8	0
4	0
6	0
3	0
4	0
22	0
35	0
438	0
4	0
163	0
12	0
48	0
3	0
7	0
67	0
9	0
5	0
7	0
95	0
9	0
4	0
7	0
7	1
980	1
9	0
15	1
18	0
95	1
26	1
9	0
5	0
4	0
5	0
4	0
31	0
15	0
216	0
28	0
2764	4
4	0
9	0
3	0
5	0
3	0
4	0
4	0
11	0
4	0
122	1
14	0
3	0
3	1
3	0
9	0
9	0
4	0
4	0
8	0
4	0
89	0
7	0
2	1
4	0
17	0
19	0
13	0
6	0
6	0
18	1
18	0
5	0
6	0
7	0
70	0
15	0
4	0
3	1
3	0
5	0
24	0
10	0
5	0
12	0
6	1
4	0
5	0
3	0
4	0
5	0
4	0
15	0
3	0
3	0
5	0
4	0
12	0
6	0
5	2
3	0
3	0
7	0
6	0
4	0
26	0
3	0
841	2
9	0
4	0
5	0
7	115
77	115
6	0
6	0
6	0
3	0
6	1
4	0
5	0
3	0
16	0
5	0
4	0
36	0
4	0
4	0
4	0
3	0
7	0
3	0
3	0
4	0
6	0
9	0
4	0
27	0
3	0
5	0
10	0
5	0
5	0
2	0
3	0
5	0
3	0
3	1
4	0
9	0
8	0
3	0
3	0
6	0
5	0
6	0
3	0
4	0
8	0
5	0
5	0
7	1
3	0
2	1
17	0
1552	0
7	0
46	0
8	0
1275	2
100	0
10	0
139	0
1030	0
3	0
4	0
4	0
51	1
13	2
3	0
6	0
17	1
133	0
10	0
3	0
4	0
6	0
31	0
6	0
6	0
470	0
6	0
6	1
42	0
5	0
7	0
3	0
14	0
17	1
4	0
4	0
19	1
7	0
5	0
8	0
4	0
5	0
6	0
5	0
3	0
168	0
2	1
4	0
435	1
8	1
15	0
743	1
11	0
8	0
10	0
5	0
11	0
7	1
6	0
62	0
6	0
4	0
155	0
7	2
3	0
29	0
8	1
5	0
7	1
27	0
13	0
6	0
3	0
26	0
42	0
18	0
164	0
3	0
211	0
4	1
4	0
4	0
31	0
972	0
355	156
2	156
5	0
4	0
8	0
5	0
9	1
4	0
6	0
213	0
3	1
98	0
8	0
3	0
21	0
28	0
7	0
7	0
3	0
4	0
4	0
4	0
19	0
3	0
6	1
3	0
35	0
4	0
6	0
3	0
9	0
9	0
13	0
3	0
8	1
6	0
4	0
5	0
6	0
3	0
5	0
4	0
6	0
15	1
4	0
5	1
5	0
4	0
4	0
3	0
24	0
4	1
16	0
4	0
26	0
36	0
3	1
6	0
6	1
5	1
6	0
6	0
3	0
11	1
78	0
4	0
6	0
7	0
10	0
7	1
4	0
7	0
4	0
4	0
4	0
7	0
5	0
19	0
3	0
3	0
22	1
6	0
3	0
3	1
6	0
539	1
4	0
3	1
3	0
3	0
4	0
4	1
12	1
8	0
16	0
5	0
28	0
15	1
3	0
10	0
4	0
6	0
26	0
6	1
3	0
6	0
4	0
3	0
3	0
7	0
4	1
3	0
5	0
8	0
3	1
8	0
6	0
3	0
4	0
3	0
3	0
11	0
4	0
4	0
7	0
6	0
6	0
5	0
3	0
4	0
37	0
9	0
4	0
274	0
10	0
3	0
3	0
4	0
4	0
6	1
3	0
7	0
5	0
6	0
4	0
6	0
5	0
6	0
4	0
4	0
3	0
7	2
4	1
11	0
12	0
7	0
6	0
8	0
3	0
4	0
4	0
5	1
4	0
9	0
9	0
4	0
4	0
3	0
2	1
5	0
3	0
4	0
5	0
6	1
3	0
17	0
8	0
3	0
6	0
8	1
11	0
6	0
4	0
4	0
6	0
3	0
7	0
10	0
7	0
32	0
9	0
3	1
7	1
6	0
7	2
4	1
6	0
3	0
8	1
10	1
1	2
7	2
4	0
5	0
3	0
3	1
5	0
5	0
10	0
5	0
7	0
6	0
5	0
6	0
13	0
13	0
4	0
3	2
2	2
91	0
6	0
6	0
4	2
13	2
3	0
23	0
5	1
88	1
56	1
7	0
101	0
5	2
22	2
26	0
6	0
5	0
4	0
3	0
4	0
3	0
7	0
6	1
5	0
9	0
16	0
3	0
3	1
5	0
3	0
4	3
2	3
5	0
3	0
8	0
6	2
2	2
6	0
7	0
7	0
5	1
5	0
11	0
6	0
30	0
10	0
13	1
6	0
2	2
10	2
2	1
16	1
9	0
3	0
26	1
2	7
2	7
7	0
3	0
3	2
1	2
5	0
5	0
0	167
9	127
4	16
15	59
4	2
2	5
4	2
5	16
10	24
4	5
5	1
7	0
6	0
2	0
11	1
7	0
15	0
6	0
4	0
3	1
15	0
11	0
15	0
4	0
9	0
4	0
4	0
57	0
1	108
7	108
3	0
6	1
6	0
60	0
14	1
5	0
9	0
179	0
4	0
9	0
18	0
11	0
55	0
3	1
154	0
8	0
47	0
7	0
152	0
22	0
18	0
7	0
4	0
3	0
5	0
34	0
10	0
4	1
21	0
4	0
4	1
21	0
19	0
7	0
6	0
7	0
6	0
58	0
3	0
4	0
26	1
149	0
12	1
18	0
14	0
6	0
6	0
3	0
3	0
3	0
3	1
3	1
20	0
13	0
17	0
6	0
23	0
4	0
8	1
4	0
4	0
5	0
3	2
22	0
4	0
12	0
10	0
8	0
6	0
36	0
64	0
4	19
4	19
5	0
8	0
884	2
64	476
5	477
6	455
121	0
0	256
0	248
0	259
0	251
350	1
2	56
116	56
417	0
601	0
44	150
2	150
49	47
70	47
563	2
25	1
68	1
102	0
5	35
11	26
42	28
17	1
24	671
4	1
44	671
7	104
0	49
5	65
1	50
8	100
3	51
3	18
2	124
0	25
3	45
41	56
9	35
42	43
46	68
55	123
1	65
8	45
174	0
116	0
15	0
83	0
55	8
7	28
46	28
291	0
3	7
19	9
36	9
76	337
67	337
4	0
668	1
341	1
172	0
158	0
512	0
30	707
0	848
3	821
313	2
41	0
17	0
25	0
53	0
2312	1
17	20
29	2
19	4
12	18
53	0
292	0
40	0
19	40
48	40
5	228
99	228
173	1
326	0
19	36
7	167
6	197
11	0
62	0
13	0
63	0
2198	2
410	0
35	149
13	149
293	0
47	307
53	307
131	0
196	7
396	0
66	7
287	0
0	373
0	293
39	353
0	315
0	351
3	226
26	227
18	227
22	0
37	0
20	0
1430	1
166	1
1	451
12	451
135	0
124	118
18	129
1	129
283	1
160	0
86	589
16	589
636	1
78	0
2	201
21	201
1	155
9	155
6	0
0	1119
0	1147
0	1151
9	1136
0	1160
0	1115
0	1192
5	1
41	234
14	234
116	0
563	306
3	305
69	1
3	389
9	389
36	389
17	389
41	390
1722	0
1	90
88	33
14	90
12	5
7	90
34	0
2	73
5	73
333	1114
38	1112
105	0
0	42
33	81
34	52
5	732
23	25
325	0
10	1
4	6
16	54
41	53
11	20
4	14
21	691
46	0
5	345
6	345
3	343
4	108
112	218
8	218
21	84
3	136
29	32
61	36
0	67
335	1
8	197
4	145
0	226
0	218
0	199
0	207
51	0
47	0
11	283
102	284
31	0
233	0
36	231
0	399
6	354
1	513
27	170
22	401
1	958
126	630
27	838
453	0
76	13
178	0
45	534
5	314
13	389
27	451
1794	2
13	2
8	0
2	3857
509	3857
1024	1
145	0
1457	1
288	0
148	0
13	310
15	310
8	26
3	355
3	355
6	173
9	273
79	1
812	0
